"profile","raw_field","canonical_name","table_name","privacy_class","action","pseudonym_class","coarsen_method","notes"
"analysis","premid","premises_id","","direct_identifier","pseudonymize","premises","NA","Stable premises pseudonym; exact source value retained only in private crosswalk."
"analysis","premname","premises_name","","direct_identifier","pseudonymize","premises","NA","Stable premises pseudonym; exact source value retained only in private crosswalk."
"analysis","premadd","premises_address","","direct_identifier","drop","NA","NA","Removed because it has no approved analytical value."
"analysis","premcnty","premises_county","","quasi_identifier","retain","NA","NA","Approved county-level geography retained; no geocoding is performed."
"analysis","ownname","premises_owner_name","","direct_identifier","pseudonymize","entity","NA","Ambiguous person or organization value; exact normalized repeats share an opaque entity pseudonym."
"analysis","ownph","premises_owner_phone","","direct_identifier","drop","NA","NA","Removed because it has no approved analytical value."
"analysis","owneml","premises_owner_email","","direct_identifier","drop","NA","NA","Removed because it has no approved analytical value."
"analysis","premlat","premises_latitude","","direct_identifier","drop","NA","NA","Removed because it has no approved analytical value."
"analysis","premlong","premises_longitude","","direct_identifier","drop","NA","NA","Removed because it has no approved analytical value."
"analysis","amlname","animal_owner_name","","direct_identifier","pseudonymize","entity","NA","Ambiguous person or organization value; exact normalized repeats share an opaque entity pseudonym."
"analysis","amladd","animal_owner_address","","direct_identifier","drop","NA","NA","Removed because it has no approved analytical value."
"analysis","amlph","animal_owner_phone","","direct_identifier","drop","NA","NA","Removed because it has no approved analytical value."
"analysis","amleml","animal_owner_email","","direct_identifier","drop","NA","NA","Removed because it has no approved analytical value."
"analysis","weename","interviewee_name","","direct_identifier","pseudonymize","person","NA","Semantically clear person identity; exact normalized repeats share an opaque person pseudonym."
"analysis","weepos","interviewee_position","","sensitive_free_text","review_remove","NA","NA","Unconstrained text is withheld by deny-by-default policy."
"analysis","weeph","interviewee_phone","","direct_identifier","drop","NA","NA","Removed because it has no approved analytical value."
"analysis","weeeml","interviewee_email","","direct_identifier","drop","NA","NA","Removed because it has no approved analytical value."
"analysis","wername","interviewer_name","","direct_identifier","pseudonymize","person","NA","Semantically clear person identity; exact normalized repeats share an opaque person pseudonym."
"analysis","werph","interviewer_phone","","direct_identifier","drop","NA","NA","Removed because it has no approved analytical value."
"analysis","wereml","interviewer_email","","direct_identifier","drop","NA","NA","Removed because it has no approved analytical value."
"analysis","p0001","today_date","","quasi_identifier","retain","NA","NA","Exact date retained for controlled analytical use; future profiles may coarsen dates."
"analysis","p0002","clinical_signs_first_observed_date","","quasi_identifier","retain","NA","NA","Exact date retained for controlled analytical use; future profiles may coarsen dates."
"analysis","p0003","date_28_days_before_clinical_signs","","quasi_identifier","retain","NA","NA","Exact date retained for controlled analytical use; future profiles may coarsen dates."
"analysis","p0004","clinical_signs_description","","sensitive_free_text","review_remove","NA","NA","Unconstrained text is withheld; automated natural-language redaction is not attempted."
"analysis","p0005","baseline_mortality","","quasi_identifier","retain","NA","NA","Scientific numeric value retained for controlled analytical use."
"analysis","p0006","initial_sampling_mortality","","quasi_identifier","retain","NA","NA","Scientific numeric value retained for controlled analytical use."
"analysis","p0007a","ai_tests_date","ai_tests","quasi_identifier","retain","NA","NA","Exact date retained for controlled analytical use; future profiles may coarsen dates."
"analysis","p0008a","ai_tests_date","ai_tests","quasi_identifier","retain","NA","NA","Exact date retained for controlled analytical use; future profiles may coarsen dates."
"analysis","p0009a","ai_tests_date","ai_tests","quasi_identifier","retain","NA","NA","Exact date retained for controlled analytical use; future profiles may coarsen dates."
"analysis","p0007b","ai_tests_result","ai_tests","non_identifier","retain","NA","NA","Retained semantic value under the controlled-use analysis profile."
"analysis","p0008b","ai_tests_result","ai_tests","non_identifier","retain","NA","NA","Retained semantic value under the controlled-use analysis profile."
"analysis","p0009b","ai_tests_result","ai_tests","non_identifier","retain","NA","NA","Retained semantic value under the controlled-use analysis profile."
"analysis","p0007c","ai_tests_test_type","ai_tests","non_identifier","retain","NA","NA","Retained semantic value under the controlled-use analysis profile."
"analysis","p0008c","ai_tests_test_type","ai_tests","non_identifier","retain","NA","NA","Retained semantic value under the controlled-use analysis profile."
"analysis","p0009c","ai_tests_test_type","ai_tests","non_identifier","retain","NA","NA","Retained semantic value under the controlled-use analysis profile."
"analysis","p00010a","houses_house_id","houses","non_identifier","retain","NA","NA","Retained semantic value under the controlled-use analysis profile."
"analysis","p00011a","houses_house_id","houses","non_identifier","retain","NA","NA","Retained semantic value under the controlled-use analysis profile."
"analysis","p00012a","houses_house_id","houses","non_identifier","retain","NA","NA","Retained semantic value under the controlled-use analysis profile."
"analysis","p00013a","houses_house_id","houses","non_identifier","retain","NA","NA","Retained semantic value under the controlled-use analysis profile."
"analysis","p00014a","houses_house_id","houses","non_identifier","retain","NA","NA","Retained semantic value under the controlled-use analysis profile."
"analysis","p00015a","houses_house_id","houses","non_identifier","retain","NA","NA","Retained semantic value under the controlled-use analysis profile."
"analysis","p00016a","houses_house_id","houses","non_identifier","retain","NA","NA","Retained semantic value under the controlled-use analysis profile."
"analysis","p00010b","houses_bird_type","houses","non_identifier","retain","NA","NA","Retained semantic value under the controlled-use analysis profile."
"analysis","p00011b","houses_bird_type","houses","non_identifier","retain","NA","NA","Retained semantic value under the controlled-use analysis profile."
"analysis","p00012b","houses_bird_type","houses","non_identifier","retain","NA","NA","Retained semantic value under the controlled-use analysis profile."
"analysis","p00013b","houses_bird_type","houses","non_identifier","retain","NA","NA","Retained semantic value under the controlled-use analysis profile."
"analysis","p00014b","houses_bird_type","houses","non_identifier","retain","NA","NA","Retained semantic value under the controlled-use analysis profile."
"analysis","p00015b","houses_bird_type","houses","non_identifier","retain","NA","NA","Retained semantic value under the controlled-use analysis profile."
"analysis","p00016b","houses_bird_type","houses","non_identifier","retain","NA","NA","Retained semantic value under the controlled-use analysis profile."
"analysis","p00010c","houses_birds_today","houses","quasi_identifier","retain","NA","NA","Scientific numeric value retained for controlled analytical use."
"analysis","p00011c","houses_birds_today","houses","quasi_identifier","retain","NA","NA","Scientific numeric value retained for controlled analytical use."
"analysis","p00012c","houses_birds_today","houses","quasi_identifier","retain","NA","NA","Scientific numeric value retained for controlled analytical use."
"analysis","p00013c","houses_birds_today","houses","quasi_identifier","retain","NA","NA","Scientific numeric value retained for controlled analytical use."
"analysis","p00014c","houses_birds_today","houses","quasi_identifier","retain","NA","NA","Scientific numeric value retained for controlled analytical use."
"analysis","p00015c","houses_birds_today","houses","quasi_identifier","retain","NA","NA","Scientific numeric value retained for controlled analytical use."
"analysis","p00016c","houses_birds_today","houses","quasi_identifier","retain","NA","NA","Scientific numeric value retained for controlled analytical use."
"analysis","p00010d","houses_birds_placed","houses","quasi_identifier","retain","NA","NA","Scientific numeric value retained for controlled analytical use."
"analysis","p00011d","houses_birds_placed","houses","quasi_identifier","retain","NA","NA","Scientific numeric value retained for controlled analytical use."
"analysis","p00012d","houses_birds_placed","houses","quasi_identifier","retain","NA","NA","Scientific numeric value retained for controlled analytical use."
"analysis","p00013d","houses_birds_placed","houses","quasi_identifier","retain","NA","NA","Scientific numeric value retained for controlled analytical use."
"analysis","p00014d","houses_birds_placed","houses","quasi_identifier","retain","NA","NA","Scientific numeric value retained for controlled analytical use."
"analysis","p00015d","houses_birds_placed","houses","quasi_identifier","retain","NA","NA","Scientific numeric value retained for controlled analytical use."
"analysis","p00016d","houses_birds_placed","houses","quasi_identifier","retain","NA","NA","Scientific numeric value retained for controlled analytical use."
"analysis","p00010e","houses_age_weeks","houses","quasi_identifier","retain","NA","NA","Scientific numeric value retained for controlled analytical use."
"analysis","p00011e","houses_age_weeks","houses","quasi_identifier","retain","NA","NA","Scientific numeric value retained for controlled analytical use."
"analysis","p00012e","houses_age_weeks","houses","quasi_identifier","retain","NA","NA","Scientific numeric value retained for controlled analytical use."
"analysis","p00013e","houses_age_weeks","houses","quasi_identifier","retain","NA","NA","Scientific numeric value retained for controlled analytical use."
"analysis","p00014e","houses_age_weeks","houses","quasi_identifier","retain","NA","NA","Scientific numeric value retained for controlled analytical use."
"analysis","p00015e","houses_age_weeks","houses","quasi_identifier","retain","NA","NA","Scientific numeric value retained for controlled analytical use."
"analysis","p00016e","houses_age_weeks","houses","quasi_identifier","retain","NA","NA","Scientific numeric value retained for controlled analytical use."
"analysis","p00010f","houses_ventilation_type","houses","non_identifier","retain","NA","NA","Retained semantic value under the controlled-use analysis profile."
"analysis","p00011f","houses_ventilation_type","houses","non_identifier","retain","NA","NA","Retained semantic value under the controlled-use analysis profile."
"analysis","p00012f","houses_ventilation_type","houses","non_identifier","retain","NA","NA","Retained semantic value under the controlled-use analysis profile."
"analysis","p00013f","houses_ventilation_type","houses","non_identifier","retain","NA","NA","Retained semantic value under the controlled-use analysis profile."
"analysis","p00014f","houses_ventilation_type","houses","non_identifier","retain","NA","NA","Retained semantic value under the controlled-use analysis profile."
"analysis","p00015f","houses_ventilation_type","houses","non_identifier","retain","NA","NA","Retained semantic value under the controlled-use analysis profile."
"analysis","p00016f","houses_ventilation_type","houses","non_identifier","retain","NA","NA","Retained semantic value under the controlled-use analysis profile."
"analysis","p00010g","houses_clinical_onset_date","houses","quasi_identifier","retain","NA","NA","Exact date retained for controlled analytical use; future profiles may coarsen dates."
"analysis","p00011g","houses_clinical_onset_date","houses","quasi_identifier","retain","NA","NA","Exact date retained for controlled analytical use; future profiles may coarsen dates."
"analysis","p00012g","houses_clinical_onset_date","houses","quasi_identifier","retain","NA","NA","Exact date retained for controlled analytical use; future profiles may coarsen dates."
"analysis","p00013g","houses_clinical_onset_date","houses","quasi_identifier","retain","NA","NA","Exact date retained for controlled analytical use; future profiles may coarsen dates."
"analysis","p00014g","houses_clinical_onset_date","houses","quasi_identifier","retain","NA","NA","Exact date retained for controlled analytical use; future profiles may coarsen dates."
"analysis","p00015g","houses_clinical_onset_date","houses","quasi_identifier","retain","NA","NA","Exact date retained for controlled analytical use; future profiles may coarsen dates."
"analysis","p00016g","houses_clinical_onset_date","houses","quasi_identifier","retain","NA","NA","Exact date retained for controlled analytical use; future profiles may coarsen dates."
"analysis","p00010h","houses_clinical_onset_location","houses","quasi_identifier","pseudonymize","location","NA","Within-premises onset location is represented by an opaque location pseudonym; exact normalized repeats share it."
"analysis","p00011h","houses_clinical_onset_location","houses","quasi_identifier","pseudonymize","location","NA","Within-premises onset location is represented by an opaque location pseudonym; exact normalized repeats share it."
"analysis","p00012h","houses_clinical_onset_location","houses","quasi_identifier","pseudonymize","location","NA","Within-premises onset location is represented by an opaque location pseudonym; exact normalized repeats share it."
"analysis","p00013h","houses_clinical_onset_location","houses","quasi_identifier","pseudonymize","location","NA","Within-premises onset location is represented by an opaque location pseudonym; exact normalized repeats share it."
"analysis","p00014h","houses_clinical_onset_location","houses","quasi_identifier","pseudonymize","location","NA","Within-premises onset location is represented by an opaque location pseudonym; exact normalized repeats share it."
"analysis","p00015h","houses_clinical_onset_location","houses","quasi_identifier","pseudonymize","location","NA","Within-premises onset location is represented by an opaque location pseudonym; exact normalized repeats share it."
"analysis","p00016h","houses_clinical_onset_location","houses","quasi_identifier","pseudonymize","location","NA","Within-premises onset location is represented by an opaque location pseudonym; exact normalized repeats share it."
"analysis","p00017","eggs_present","","quasi_identifier","retain","NA","NA","Scientific numeric value retained for controlled analytical use."
"analysis","p00018","eggs_laid_last_week","","quasi_identifier","retain","NA","NA","Scientific numeric value retained for controlled analytical use."
"analysis","p00020a","veterinarian_name","","direct_identifier","pseudonymize","person","NA","Semantically clear person identity; exact normalized repeats share an opaque person pseudonym."
"analysis","p00021a","depopulation_method_name","","sensitive_free_text","review_remove","NA","NA","Unconstrained text is withheld by deny-by-default policy."
"analysis","p0019","eggs_for_research","","non_identifier","retain","NA","NA","Retained semantic value under the controlled-use analysis profile."
"analysis","p0020","veterinarian_available","","non_identifier","retain","NA","NA","Retained semantic value under the controlled-use analysis profile."
"analysis","p0021","depopulation_plan","","non_identifier","retain","NA","NA","Retained semantic value under the controlled-use analysis profile."
"analysis","p0022","depopulation_method_used","","non_identifier","retain","NA","NA","Retained semantic value under the controlled-use analysis profile."
"analysis","p0100na","mortality_disposal_site_status","mortality_disposal","non_identifier","retain","NA","NA","Retained semantic value under the controlled-use analysis profile."
"analysis","p0100off","mortality_disposal_site_status","mortality_disposal","non_identifier","retain","NA","NA","Retained semantic value under the controlled-use analysis profile."
"analysis","p0100on","mortality_disposal_site_status","mortality_disposal","non_identifier","retain","NA","NA","Retained semantic value under the controlled-use analysis profile."
"analysis","p0100oth","mortality_disposal_distance_yards","mortality_disposal","quasi_identifier","retain","NA","NA","Scientific numeric value retained for controlled analytical use."
"analysis","p0100a","mortality_disposal_dates","mortality_disposal","quasi_identifier","retain","NA","NA","Exact date retained for controlled analytical use; future profiles may coarsen dates."
"analysis","p0100b","mortality_disposal_offsite_location","mortality_disposal","direct_identifier","pseudonymize","contact","NA","Combined identifying/location value is pseudonymized as a whole; it is not parsed or fuzzy matched."
"analysis","p0100c","mortality_disposal_transporter","mortality_disposal","non_identifier","retain","NA","NA","Retained semantic value under the controlled-use analysis profile."
"analysis","p0101on","mortality_disposal_site_status","mortality_disposal","non_identifier","retain","NA","NA","Retained semantic value under the controlled-use analysis profile."
"analysis","p0102on","mortality_disposal_site_status","mortality_disposal","non_identifier","retain","NA","NA","Retained semantic value under the controlled-use analysis profile."
"analysis","p0101oth","mortality_disposal_distance_yards","mortality_disposal","quasi_identifier","retain","NA","NA","Scientific numeric value retained for controlled analytical use."
"analysis","p0102oth","mortality_disposal_distance_yards","mortality_disposal","quasi_identifier","retain","NA","NA","Scientific numeric value retained for controlled analytical use."
"analysis","p0101off","mortality_disposal_site_status","mortality_disposal","non_identifier","retain","NA","NA","Retained semantic value under the controlled-use analysis profile."
"analysis","p0101na","mortality_disposal_site_status","mortality_disposal","non_identifier","retain","NA","NA","Retained semantic value under the controlled-use analysis profile."
"analysis","p0101a","mortality_disposal_dates","mortality_disposal","quasi_identifier","retain","NA","NA","Exact date retained for controlled analytical use; future profiles may coarsen dates."
"analysis","p0101b","mortality_disposal_offsite_location","mortality_disposal","direct_identifier","pseudonymize","contact","NA","Combined identifying/location value is pseudonymized as a whole; it is not parsed or fuzzy matched."
"analysis","p0101c","mortality_disposal_transporter","mortality_disposal","non_identifier","retain","NA","NA","Retained semantic value under the controlled-use analysis profile."
"analysis","p0102off","mortality_disposal_site_status","mortality_disposal","non_identifier","retain","NA","NA","Retained semantic value under the controlled-use analysis profile."
"analysis","p0102na","mortality_disposal_site_status","mortality_disposal","non_identifier","retain","NA","NA","Retained semantic value under the controlled-use analysis profile."
"analysis","p0103na","mortality_disposal_site_status","mortality_disposal","non_identifier","retain","NA","NA","Retained semantic value under the controlled-use analysis profile."
"analysis","p0104na","mortality_disposal_site_status","mortality_disposal","non_identifier","retain","NA","NA","Retained semantic value under the controlled-use analysis profile."
"analysis","p0103off","mortality_disposal_site_status","mortality_disposal","non_identifier","retain","NA","NA","Retained semantic value under the controlled-use analysis profile."
"analysis","p0102a","mortality_disposal_dates","mortality_disposal","quasi_identifier","retain","NA","NA","Exact date retained for controlled analytical use; future profiles may coarsen dates."
"analysis","p0102b","mortality_disposal_offsite_location","mortality_disposal","direct_identifier","pseudonymize","contact","NA","Combined identifying/location value is pseudonymized as a whole; it is not parsed or fuzzy matched."
"analysis","p0102c","mortality_disposal_transporter","mortality_disposal","non_identifier","retain","NA","NA","Retained semantic value under the controlled-use analysis profile."
"analysis","p0103a","mortality_disposal_dates","mortality_disposal","quasi_identifier","retain","NA","NA","Exact date retained for controlled analytical use; future profiles may coarsen dates."
"analysis","p0104a","mortality_disposal_dates","mortality_disposal","quasi_identifier","retain","NA","NA","Exact date retained for controlled analytical use; future profiles may coarsen dates."
"analysis","p0103b","mortality_disposal_offsite_location","mortality_disposal","direct_identifier","pseudonymize","contact","NA","Combined identifying/location value is pseudonymized as a whole; it is not parsed or fuzzy matched."
"analysis","p0103c","mortality_disposal_transporter","mortality_disposal","non_identifier","retain","NA","NA","Retained semantic value under the controlled-use analysis profile."
"analysis","p0104c","mortality_disposal_transporter","mortality_disposal","non_identifier","retain","NA","NA","Retained semantic value under the controlled-use analysis profile."
"analysis","p0105","mortality_disposal_other_description","mortality_disposal","sensitive_free_text","review_remove","NA","NA","Unconstrained text is withheld; automated natural-language redaction is not attempted."
"analysis","p0106","carcass_bin_available","","non_identifier","retain","NA","NA","Retained semantic value under the controlled-use analysis profile."
"analysis","p0106a","carcass_bin_kept_covered","","non_identifier","retain","NA","NA","Retained semantic value under the controlled-use analysis profile."
"analysis","p0104b","mortality_disposal_offsite_location","mortality_disposal","direct_identifier","pseudonymize","contact","NA","Combined identifying/location value is pseudonymized as a whole; it is not parsed or fuzzy matched."
"analysis","p0106b","carcass_bin_distance_yards","","quasi_identifier","retain","NA","NA","Scientific numeric value retained for controlled analytical use."
"analysis","p0106c","carcass_bin_shared","","non_identifier","retain","NA","NA","Retained semantic value under the controlled-use analysis profile."
"analysis","p0107","broken_eggs_disposal","","sensitive_free_text","review_remove","NA","NA","Unconstrained text is withheld; automated natural-language redaction is not attempted."
"analysis","p0108","wash_water_disposal","","sensitive_free_text","review_remove","NA","NA","Unconstrained text is withheld; automated natural-language redaction is not attempted."
"analysis","p0109","manure_destinations_company_name_location","manure_destinations","direct_identifier","pseudonymize","contact","NA","Combined identifying/location value is pseudonymized as a whole; it is not parsed or fuzzy matched."
"analysis","p0110","manure_destinations_company_name_location","manure_destinations","direct_identifier","pseudonymize","contact","NA","Combined identifying/location value is pseudonymized as a whole; it is not parsed or fuzzy matched."
"analysis","p0111","manure_destinations_company_name_location","manure_destinations","direct_identifier","pseudonymize","contact","NA","Combined identifying/location value is pseudonymized as a whole; it is not parsed or fuzzy matched."
"analysis","p0109a","manure_destinations_date","manure_destinations","quasi_identifier","retain","NA","NA","Exact date retained for controlled analytical use; future profiles may coarsen dates."
"analysis","p0110a","manure_destinations_date","manure_destinations","quasi_identifier","retain","NA","NA","Exact date retained for controlled analytical use; future profiles may coarsen dates."
"analysis","p0109b","manure_destinations_intended_use","manure_destinations","non_identifier","retain","NA","NA","Retained semantic value under the controlled-use analysis profile."
"analysis","p0110b","manure_destinations_intended_use","manure_destinations","non_identifier","retain","NA","NA","Retained semantic value under the controlled-use analysis profile."
"analysis","p0111b","manure_destinations_intended_use","manure_destinations","non_identifier","retain","NA","NA","Retained semantic value under the controlled-use analysis profile."
"analysis","p0109d","manure_destinations_type","manure_destinations","non_identifier","retain","NA","NA","Retained semantic value under the controlled-use analysis profile."
"analysis","p0110d","manure_destinations_type","manure_destinations","non_identifier","retain","NA","NA","Retained semantic value under the controlled-use analysis profile."
"analysis","p0111d","manure_destinations_type","manure_destinations","non_identifier","retain","NA","NA","Retained semantic value under the controlled-use analysis profile."
"analysis","p0111a","manure_destinations_date","manure_destinations","quasi_identifier","retain","NA","NA","Exact date retained for controlled analytical use; future profiles may coarsen dates."
"analysis","p0113","wild_birds_on_premises","","non_identifier","retain","NA","NA","Retained semantic value under the controlled-use analysis profile."
"analysis","p0114","wild_animals_on_premises","","non_identifier","retain","NA","NA","Retained semantic value under the controlled-use analysis profile."
"analysis","p0115","manure_from_another_premises","","non_identifier","retain","NA","NA","Retained semantic value under the controlled-use analysis profile."
"analysis","p0120","contract_workers_present","","non_identifier","retain","NA","NA","Retained semantic value under the controlled-use analysis profile."
"analysis","p0112","manure_distance_yards","","quasi_identifier","retain","NA","NA","Scientific numeric value retained for controlled analytical use."
"analysis","p0116","imported_materials_product_species_origin","imported_materials","non_identifier","retain","NA","NA","Retained semantic value under the controlled-use analysis profile."
"analysis","p0117","imported_materials_product_species_origin","imported_materials","non_identifier","retain","NA","NA","Retained semantic value under the controlled-use analysis profile."
"analysis","p0118","imported_materials_product_species_origin","imported_materials","non_identifier","retain","NA","NA","Retained semantic value under the controlled-use analysis profile."
"analysis","p0119","imported_materials_product_species_origin","imported_materials","non_identifier","retain","NA","NA","Retained semantic value under the controlled-use analysis profile."
"analysis","p0116a","imported_materials_source_name_location_phone","imported_materials","direct_identifier","pseudonymize","contact","NA","Combined identifying/location value is pseudonymized as a whole; it is not parsed or fuzzy matched."
"analysis","p0117a","imported_materials_source_name_location_phone","imported_materials","direct_identifier","pseudonymize","contact","NA","Combined identifying/location value is pseudonymized as a whole; it is not parsed or fuzzy matched."
"analysis","p0118a","imported_materials_source_name_location_phone","imported_materials","direct_identifier","pseudonymize","contact","NA","Combined identifying/location value is pseudonymized as a whole; it is not parsed or fuzzy matched."
"analysis","p0119a","imported_materials_source_name_location_phone","imported_materials","direct_identifier","pseudonymize","contact","NA","Combined identifying/location value is pseudonymized as a whole; it is not parsed or fuzzy matched."
"analysis","p0116b","imported_materials_date","imported_materials","quasi_identifier","retain","NA","NA","Exact date retained for controlled analytical use; future profiles may coarsen dates."
"analysis","p0117b","imported_materials_date","imported_materials","quasi_identifier","retain","NA","NA","Exact date retained for controlled analytical use; future profiles may coarsen dates."
"analysis","p0118b","imported_materials_date","imported_materials","quasi_identifier","retain","NA","NA","Exact date retained for controlled analytical use; future profiles may coarsen dates."
"analysis","p0119b","imported_materials_date","imported_materials","quasi_identifier","retain","NA","NA","Exact date retained for controlled analytical use; future profiles may coarsen dates."
"analysis","p0127","crews_enter_premises","","non_identifier","retain","NA","NA","Retained semantic value under the controlled-use analysis profile."
"analysis","p0124","community_living","","non_identifier","retain","NA","NA","Retained semantic value under the controlled-use analysis profile."
"analysis","p0122","visited_other_premises","","non_identifier","retain","NA","NA","Retained semantic value under the controlled-use analysis profile."
"analysis","p0121","community_contact","","direct_identifier","pseudonymize","contact","NA","Combined contact value is pseudonymized as a whole; it is not parsed."
"analysis","p0123","worker_visits_premises_processor","worker_visits","direct_identifier","pseudonymize","contact","NA","Combined identifying/location value is pseudonymized as a whole; it is not parsed or fuzzy matched."
"analysis","p0123a","worker_visits_person_title","worker_visits","non_identifier","retain","NA","NA","Retained semantic value under the controlled-use analysis profile."
"analysis","p0123b","worker_visits_date","worker_visits","quasi_identifier","retain","NA","NA","Exact date retained for controlled analytical use; future profiles may coarsen dates."
"analysis","p0104off","mortality_disposal_site_status","mortality_disposal","non_identifier","retain","NA","NA","Retained semantic value under the controlled-use analysis profile."
"analysis","p0125a","community_livestock_poultry","","non_identifier","retain","NA","NA","Retained semantic value under the controlled-use analysis profile."
"analysis","p0123i","worker_visits_premises_processor","worker_visits","direct_identifier","pseudonymize","contact","NA","Combined identifying/location value is pseudonymized as a whole; it is not parsed or fuzzy matched."
"analysis","p0126","other_facilities","","sensitive_free_text","review_remove","NA","NA","Unconstrained text is withheld; automated natural-language redaction is not attempted."
"analysis","p0125b","community_livestock_cattle_dairy","","non_identifier","retain","NA","NA","Retained semantic value under the controlled-use analysis profile."
"analysis","p0125c","community_livestock_cattle_beef","","non_identifier","retain","NA","NA","Retained semantic value under the controlled-use analysis profile."
"analysis","p0125d","community_livestock_swine","","non_identifier","retain","NA","NA","Retained semantic value under the controlled-use analysis profile."
"analysis","p0125e","community_livestock_goat_dairy","","non_identifier","retain","NA","NA","Retained semantic value under the controlled-use analysis profile."
"analysis","p0125f","community_livestock_goat_meat","","non_identifier","retain","NA","NA","Retained semantic value under the controlled-use analysis profile."
"analysis","p0125g","community_livestock_sheep","","non_identifier","retain","NA","NA","Retained semantic value under the controlled-use analysis profile."
"analysis","p0132a","worker_livestock_poultry","","non_identifier","retain","NA","NA","Retained semantic value under the controlled-use analysis profile."
"analysis","p0132b","worker_livestock_cattle_dairy","","non_identifier","retain","NA","NA","Retained semantic value under the controlled-use analysis profile."
"analysis","p0132c","worker_livestock_cattle_beef","","non_identifier","retain","NA","NA","Retained semantic value under the controlled-use analysis profile."
"analysis","p0132d","worker_livestock_swine","","non_identifier","retain","NA","NA","Retained semantic value under the controlled-use analysis profile."
"analysis","p0132e","worker_livestock_goat_dairy","","non_identifier","retain","NA","NA","Retained semantic value under the controlled-use analysis profile."
"analysis","p0132f","worker_livestock_goat_meat","","non_identifier","retain","NA","NA","Retained semantic value under the controlled-use analysis profile."
"analysis","p0132g","worker_livestock_sheep","","non_identifier","retain","NA","NA","Retained semantic value under the controlled-use analysis profile."
"analysis","p0123c","worker_visits_premises_processor","worker_visits","direct_identifier","pseudonymize","contact","NA","Combined identifying/location value is pseudonymized as a whole; it is not parsed or fuzzy matched."
"analysis","p0123f","worker_visits_premises_processor","worker_visits","direct_identifier","pseudonymize","contact","NA","Combined identifying/location value is pseudonymized as a whole; it is not parsed or fuzzy matched."
"analysis","p0123d","worker_visits_person_title","worker_visits","non_identifier","retain","NA","NA","Retained semantic value under the controlled-use analysis profile."
"analysis","p0123g","worker_visits_person_title","worker_visits","non_identifier","retain","NA","NA","Retained semantic value under the controlled-use analysis profile."
"analysis","p0123j","worker_visits_person_title","worker_visits","non_identifier","retain","NA","NA","Retained semantic value under the controlled-use analysis profile."
"analysis","p0123e","worker_visits_date","worker_visits","quasi_identifier","retain","NA","NA","Exact date retained for controlled analytical use; future profiles may coarsen dates."
"analysis","p0123h","worker_visits_date","worker_visits","quasi_identifier","retain","NA","NA","Exact date retained for controlled analytical use; future profiles may coarsen dates."
"analysis","p0123k","worker_visits_date","worker_visits","quasi_identifier","retain","NA","NA","Exact date retained for controlled analytical use; future profiles may coarsen dates."
"analysis","p0128","crews_date","crews","quasi_identifier","retain","NA","NA","Exact date retained for controlled analytical use; future profiles may coarsen dates."
"analysis","p0129","crews_date","crews","quasi_identifier","retain","NA","NA","Exact date retained for controlled analytical use; future profiles may coarsen dates."
"analysis","p0130","crews_date","crews","quasi_identifier","retain","NA","NA","Exact date retained for controlled analytical use; future profiles may coarsen dates."
"analysis","p0131a","crews_crew_type","crews","non_identifier","retain","NA","NA","Retained semantic value under the controlled-use analysis profile."
"analysis","p0130a","crews_crew_type","crews","non_identifier","retain","NA","NA","Retained semantic value under the controlled-use analysis profile."
"analysis","p0129a","crews_crew_type","crews","non_identifier","retain","NA","NA","Retained semantic value under the controlled-use analysis profile."
"analysis","p0128a","crews_crew_type","crews","non_identifier","retain","NA","NA","Retained semantic value under the controlled-use analysis profile."
"analysis","p0131b","crews_name_company_phone","crews","direct_identifier","pseudonymize","contact","NA","Combined identifying/location value is pseudonymized as a whole; it is not parsed or fuzzy matched."
"analysis","p0130b","crews_name_company_phone","crews","direct_identifier","pseudonymize","contact","NA","Combined identifying/location value is pseudonymized as a whole; it is not parsed or fuzzy matched."
"analysis","p0129b","crews_name_company_phone","crews","direct_identifier","pseudonymize","contact","NA","Combined identifying/location value is pseudonymized as a whole; it is not parsed or fuzzy matched."
"analysis","p0128b","crews_name_company_phone","crews","direct_identifier","pseudonymize","contact","NA","Combined identifying/location value is pseudonymized as a whole; it is not parsed or fuzzy matched."
"analysis","p0133","visitors_visit_premises","visitors","non_identifier","retain","NA","NA","Retained semantic value under the controlled-use analysis profile."
"analysis","p0131","crews_date","crews","quasi_identifier","retain","NA","NA","Exact date retained for controlled analytical use; future profiles may coarsen dates."
"analysis","p0133a","visitors_visit_dates","visitors","quasi_identifier","retain","NA","NA","Exact date retained for controlled analytical use; future profiles may coarsen dates."
"analysis","p0133c","visitors_entered_poultry_barn","visitors","non_identifier","retain","NA","NA","Retained semantic value under the controlled-use analysis profile."
"analysis","p0133b","visitors_name_company_phone","visitors","direct_identifier","pseudonymize","contact","NA","Combined identifying/location value is pseudonymized as a whole; it is not parsed or fuzzy matched."
"analysis","p0134","visitors_visit_premises","visitors","non_identifier","retain","NA","NA","Retained semantic value under the controlled-use analysis profile."
"analysis","p0134a","visitors_visit_dates","visitors","quasi_identifier","retain","NA","NA","Exact date retained for controlled analytical use; future profiles may coarsen dates."
"analysis","p0134b","visitors_name_company_phone","visitors","direct_identifier","pseudonymize","contact","NA","Combined identifying/location value is pseudonymized as a whole; it is not parsed or fuzzy matched."
"analysis","p0134c","visitors_entered_poultry_barn","visitors","non_identifier","retain","NA","NA","Retained semantic value under the controlled-use analysis profile."
"analysis","p0135","visitors_visit_premises","visitors","non_identifier","retain","NA","NA","Retained semantic value under the controlled-use analysis profile."
"analysis","p0135a","visitors_visit_dates","visitors","quasi_identifier","retain","NA","NA","Exact date retained for controlled analytical use; future profiles may coarsen dates."
"analysis","p0135b","visitors_name_company_phone","visitors","direct_identifier","pseudonymize","contact","NA","Combined identifying/location value is pseudonymized as a whole; it is not parsed or fuzzy matched."
"analysis","p0135c","visitors_entered_poultry_barn","visitors","non_identifier","retain","NA","NA","Retained semantic value under the controlled-use analysis profile."
"analysis","p0136","visitors_visit_premises","visitors","non_identifier","retain","NA","NA","Retained semantic value under the controlled-use analysis profile."
"analysis","p0136a","visitors_visit_dates","visitors","quasi_identifier","retain","NA","NA","Exact date retained for controlled analytical use; future profiles may coarsen dates."
"analysis","p0136b","visitors_name_company_phone","visitors","direct_identifier","pseudonymize","contact","NA","Combined identifying/location value is pseudonymized as a whole; it is not parsed or fuzzy matched."
"analysis","p0136c","visitors_entered_poultry_barn","visitors","non_identifier","retain","NA","NA","Retained semantic value under the controlled-use analysis profile."
"analysis","p0137","visitors_visit_premises","visitors","non_identifier","retain","NA","NA","Retained semantic value under the controlled-use analysis profile."
"analysis","p0137a","visitors_visit_dates","visitors","quasi_identifier","retain","NA","NA","Exact date retained for controlled analytical use; future profiles may coarsen dates."
"analysis","p0137b","visitors_name_company_phone","visitors","direct_identifier","pseudonymize","contact","NA","Combined identifying/location value is pseudonymized as a whole; it is not parsed or fuzzy matched."
"analysis","p0137c","visitors_entered_poultry_barn","visitors","non_identifier","retain","NA","NA","Retained semantic value under the controlled-use analysis profile."
"analysis","p0138","visitors_visit_premises","visitors","non_identifier","retain","NA","NA","Retained semantic value under the controlled-use analysis profile."
"analysis","p0138a","visitors_visit_dates","visitors","quasi_identifier","retain","NA","NA","Exact date retained for controlled analytical use; future profiles may coarsen dates."
"analysis","p0138b","visitors_name_company_phone","visitors","direct_identifier","pseudonymize","contact","NA","Combined identifying/location value is pseudonymized as a whole; it is not parsed or fuzzy matched."
"analysis","p0138c","visitors_entered_poultry_barn","visitors","non_identifier","retain","NA","NA","Retained semantic value under the controlled-use analysis profile."
"analysis","p0139","visitors_visit_premises","visitors","non_identifier","retain","NA","NA","Retained semantic value under the controlled-use analysis profile."
"analysis","p0139a","visitors_visit_dates","visitors","quasi_identifier","retain","NA","NA","Exact date retained for controlled analytical use; future profiles may coarsen dates."
"analysis","p0139b","visitors_name_company_phone","visitors","direct_identifier","pseudonymize","contact","NA","Combined identifying/location value is pseudonymized as a whole; it is not parsed or fuzzy matched."
"analysis","p0139c","visitors_entered_poultry_barn","visitors","non_identifier","retain","NA","NA","Retained semantic value under the controlled-use analysis profile."
"analysis","p0140","visitors_visit_premises","visitors","non_identifier","retain","NA","NA","Retained semantic value under the controlled-use analysis profile."
"analysis","p0140a","visitors_visit_dates","visitors","quasi_identifier","retain","NA","NA","Exact date retained for controlled analytical use; future profiles may coarsen dates."
"analysis","p0140b","visitors_name_company_phone","visitors","direct_identifier","pseudonymize","contact","NA","Combined identifying/location value is pseudonymized as a whole; it is not parsed or fuzzy matched."
"analysis","p0140c","visitors_entered_poultry_barn","visitors","non_identifier","retain","NA","NA","Retained semantic value under the controlled-use analysis profile."
"analysis","p0141","visitors_visit_premises","visitors","non_identifier","retain","NA","NA","Retained semantic value under the controlled-use analysis profile."
"analysis","p0141a","visitors_visit_dates","visitors","quasi_identifier","retain","NA","NA","Exact date retained for controlled analytical use; future profiles may coarsen dates."
"analysis","p0141b","visitors_name_company_phone","visitors","direct_identifier","pseudonymize","contact","NA","Combined identifying/location value is pseudonymized as a whole; it is not parsed or fuzzy matched."
"analysis","p0141c","visitors_entered_poultry_barn","visitors","non_identifier","retain","NA","NA","Retained semantic value under the controlled-use analysis profile."
"analysis","p0142","visitors_visit_premises","visitors","non_identifier","retain","NA","NA","Retained semantic value under the controlled-use analysis profile."
"analysis","p0142a","visitors_visit_dates","visitors","quasi_identifier","retain","NA","NA","Exact date retained for controlled analytical use; future profiles may coarsen dates."
"analysis","p0142b","visitors_name_company_phone","visitors","direct_identifier","pseudonymize","contact","NA","Combined identifying/location value is pseudonymized as a whole; it is not parsed or fuzzy matched."
"analysis","p0142c","visitors_entered_poultry_barn","visitors","non_identifier","retain","NA","NA","Retained semantic value under the controlled-use analysis profile."
"analysis","p0143","visitors_visit_premises","visitors","non_identifier","retain","NA","NA","Retained semantic value under the controlled-use analysis profile."
"analysis","p0143a","visitors_visit_dates","visitors","quasi_identifier","retain","NA","NA","Exact date retained for controlled analytical use; future profiles may coarsen dates."
"analysis","p0143b","visitors_name_company_phone","visitors","direct_identifier","pseudonymize","contact","NA","Combined identifying/location value is pseudonymized as a whole; it is not parsed or fuzzy matched."
"analysis","p0143c","visitors_entered_poultry_barn","visitors","non_identifier","retain","NA","NA","Retained semantic value under the controlled-use analysis profile."
"analysis","p0144","visitors_visit_premises","visitors","non_identifier","retain","NA","NA","Retained semantic value under the controlled-use analysis profile."
"analysis","p0144a","visitors_visit_dates","visitors","quasi_identifier","retain","NA","NA","Exact date retained for controlled analytical use; future profiles may coarsen dates."
"analysis","p0144b","visitors_name_company_phone","visitors","direct_identifier","pseudonymize","contact","NA","Combined identifying/location value is pseudonymized as a whole; it is not parsed or fuzzy matched."
"analysis","p0144c","visitors_entered_poultry_barn","visitors","non_identifier","retain","NA","NA","Retained semantic value under the controlled-use analysis profile."
"analysis","p0145","visitors_visit_premises","visitors","non_identifier","retain","NA","NA","Retained semantic value under the controlled-use analysis profile."
"analysis","p0145a","visitors_visit_dates","visitors","quasi_identifier","retain","NA","NA","Exact date retained for controlled analytical use; future profiles may coarsen dates."
"analysis","p0145b","visitors_name_company_phone","visitors","direct_identifier","pseudonymize","contact","NA","Combined identifying/location value is pseudonymized as a whole; it is not parsed or fuzzy matched."
"analysis","p0145c","visitors_entered_poultry_barn","visitors","non_identifier","retain","NA","NA","Retained semantic value under the controlled-use analysis profile."
"analysis","p0146","visitors_visit_premises","visitors","non_identifier","retain","NA","NA","Retained semantic value under the controlled-use analysis profile."
"analysis","p0146a","visitors_visit_dates","visitors","quasi_identifier","retain","NA","NA","Exact date retained for controlled analytical use; future profiles may coarsen dates."
"analysis","p0146b","visitors_name_company_phone","visitors","direct_identifier","pseudonymize","contact","NA","Combined identifying/location value is pseudonymized as a whole; it is not parsed or fuzzy matched."
"analysis","p0146c","visitors_entered_poultry_barn","visitors","non_identifier","retain","NA","NA","Retained semantic value under the controlled-use analysis profile."
"analysis","p0147","visitors_visit_premises","visitors","non_identifier","retain","NA","NA","Retained semantic value under the controlled-use analysis profile."
"analysis","p0147a","visitors_visit_dates","visitors","quasi_identifier","retain","NA","NA","Exact date retained for controlled analytical use; future profiles may coarsen dates."
"analysis","p0147b","visitors_name_company_phone","visitors","direct_identifier","pseudonymize","contact","NA","Combined identifying/location value is pseudonymized as a whole; it is not parsed or fuzzy matched."
"analysis","p0147c","visitors_entered_poultry_barn","visitors","non_identifier","retain","NA","NA","Retained semantic value under the controlled-use analysis profile."
"analysis","p0148","visitors_visit_premises","visitors","non_identifier","retain","NA","NA","Retained semantic value under the controlled-use analysis profile."
"analysis","p0148a","visitors_visit_dates","visitors","quasi_identifier","retain","NA","NA","Exact date retained for controlled analytical use; future profiles may coarsen dates."
"analysis","p0148b","visitors_name_company_phone","visitors","direct_identifier","pseudonymize","contact","NA","Combined identifying/location value is pseudonymized as a whole; it is not parsed or fuzzy matched."
"analysis","p0148c","visitors_entered_poultry_barn","visitors","non_identifier","retain","NA","NA","Retained semantic value under the controlled-use analysis profile."
"analysis","p0149","visitors_visit_premises","visitors","non_identifier","retain","NA","NA","Retained semantic value under the controlled-use analysis profile."
"analysis","p0149a","visitors_visit_dates","visitors","quasi_identifier","retain","NA","NA","Exact date retained for controlled analytical use; future profiles may coarsen dates."
"analysis","p0149b","visitors_name_company_phone","visitors","direct_identifier","pseudonymize","contact","NA","Combined identifying/location value is pseudonymized as a whole; it is not parsed or fuzzy matched."
"analysis","p0149c","visitors_entered_poultry_barn","visitors","non_identifier","retain","NA","NA","Retained semantic value under the controlled-use analysis profile."
"analysis","p0150","visitors_visit_premises","visitors","non_identifier","retain","NA","NA","Retained semantic value under the controlled-use analysis profile."
"analysis","p0150c","visitors_entered_poultry_barn","visitors","non_identifier","retain","NA","NA","Retained semantic value under the controlled-use analysis profile."
"analysis","p0150a","visitors_visit_dates","visitors","quasi_identifier","retain","NA","NA","Exact date retained for controlled analytical use; future profiles may coarsen dates."
"analysis","p0150b","visitors_name_company_phone","visitors","direct_identifier","pseudonymize","contact","NA","Combined identifying/location value is pseudonymized as a whole; it is not parsed or fuzzy matched."
"analysis","p0151a","shared_equipment_received_or_loaned","shared_equipment","non_identifier","retain","NA","NA","Retained semantic value under the controlled-use analysis profile."
"analysis","p0151b","shared_equipment_name_company_phone","shared_equipment","direct_identifier","pseudonymize","contact","NA","Combined identifying/location value is pseudonymized as a whole; it is not parsed or fuzzy matched."
"analysis","p0151c","shared_equipment_date_last_on_site","shared_equipment","quasi_identifier","retain","NA","NA","Exact date retained for controlled analytical use; future profiles may coarsen dates."
"analysis","p0152a","shared_equipment_received_or_loaned","shared_equipment","non_identifier","retain","NA","NA","Retained semantic value under the controlled-use analysis profile."
"analysis","p0152b","shared_equipment_name_company_phone","shared_equipment","direct_identifier","pseudonymize","contact","NA","Combined identifying/location value is pseudonymized as a whole; it is not parsed or fuzzy matched."
"analysis","p0152c","shared_equipment_date_last_on_site","shared_equipment","quasi_identifier","retain","NA","NA","Exact date retained for controlled analytical use; future profiles may coarsen dates."
"analysis","p0153a","shared_equipment_received_or_loaned","shared_equipment","non_identifier","retain","NA","NA","Retained semantic value under the controlled-use analysis profile."
"analysis","p0153b","shared_equipment_name_company_phone","shared_equipment","direct_identifier","pseudonymize","contact","NA","Combined identifying/location value is pseudonymized as a whole; it is not parsed or fuzzy matched."
"analysis","p0153c","shared_equipment_date_last_on_site","shared_equipment","quasi_identifier","retain","NA","NA","Exact date retained for controlled analytical use; future profiles may coarsen dates."
"analysis","p0154a","shared_equipment_received_or_loaned","shared_equipment","non_identifier","retain","NA","NA","Retained semantic value under the controlled-use analysis profile."
"analysis","p0154b","shared_equipment_name_company_phone","shared_equipment","direct_identifier","pseudonymize","contact","NA","Combined identifying/location value is pseudonymized as a whole; it is not parsed or fuzzy matched."
"analysis","p0154c","shared_equipment_date_last_on_site","shared_equipment","quasi_identifier","retain","NA","NA","Exact date retained for controlled analytical use; future profiles may coarsen dates."
"analysis","p0155a","shared_equipment_received_or_loaned","shared_equipment","non_identifier","retain","NA","NA","Retained semantic value under the controlled-use analysis profile."
"analysis","p0155b","shared_equipment_name_company_phone","shared_equipment","direct_identifier","pseudonymize","contact","NA","Combined identifying/location value is pseudonymized as a whole; it is not parsed or fuzzy matched."
"analysis","p0155c","shared_equipment_date_last_on_site","shared_equipment","quasi_identifier","retain","NA","NA","Exact date retained for controlled analytical use; future profiles may coarsen dates."
"analysis","p0156a","shared_equipment_received_or_loaned","shared_equipment","non_identifier","retain","NA","NA","Retained semantic value under the controlled-use analysis profile."
"analysis","p0156b","shared_equipment_name_company_phone","shared_equipment","direct_identifier","pseudonymize","contact","NA","Combined identifying/location value is pseudonymized as a whole; it is not parsed or fuzzy matched."
"analysis","p0156c","shared_equipment_date_last_on_site","shared_equipment","quasi_identifier","retain","NA","NA","Exact date retained for controlled analytical use; future profiles may coarsen dates."
"analysis","p0157a","shared_equipment_received_or_loaned","shared_equipment","non_identifier","retain","NA","NA","Retained semantic value under the controlled-use analysis profile."
"analysis","p0157b","shared_equipment_name_company_phone","shared_equipment","direct_identifier","pseudonymize","contact","NA","Combined identifying/location value is pseudonymized as a whole; it is not parsed or fuzzy matched."
"analysis","p0157c","shared_equipment_date_last_on_site","shared_equipment","quasi_identifier","retain","NA","NA","Exact date retained for controlled analytical use; future profiles may coarsen dates."
"analysis","p0158a","shared_equipment_received_or_loaned","shared_equipment","non_identifier","retain","NA","NA","Retained semantic value under the controlled-use analysis profile."
"analysis","p0158b","shared_equipment_name_company_phone","shared_equipment","direct_identifier","pseudonymize","contact","NA","Combined identifying/location value is pseudonymized as a whole; it is not parsed or fuzzy matched."
"analysis","p0158c","shared_equipment_date_last_on_site","shared_equipment","quasi_identifier","retain","NA","NA","Exact date retained for controlled analytical use; future profiles may coarsen dates."
"analysis","p0159a","shared_equipment_received_or_loaned","shared_equipment","non_identifier","retain","NA","NA","Retained semantic value under the controlled-use analysis profile."
"analysis","p0159b","shared_equipment_name_company_phone","shared_equipment","direct_identifier","pseudonymize","contact","NA","Combined identifying/location value is pseudonymized as a whole; it is not parsed or fuzzy matched."
"analysis","p0159c","shared_equipment_date_last_on_site","shared_equipment","quasi_identifier","retain","NA","NA","Exact date retained for controlled analytical use; future profiles may coarsen dates."
"analysis","p0160a","shared_equipment_received_or_loaned","shared_equipment","non_identifier","retain","NA","NA","Retained semantic value under the controlled-use analysis profile."
"analysis","p0160b","shared_equipment_name_company_phone","shared_equipment","direct_identifier","pseudonymize","contact","NA","Combined identifying/location value is pseudonymized as a whole; it is not parsed or fuzzy matched."
"analysis","p0160c","shared_equipment_date_last_on_site","shared_equipment","quasi_identifier","retain","NA","NA","Exact date retained for controlled analytical use; future profiles may coarsen dates."
"analysis","p0161a","shared_equipment_received_or_loaned","shared_equipment","non_identifier","retain","NA","NA","Retained semantic value under the controlled-use analysis profile."
"analysis","p0161b","shared_equipment_name_company_phone","shared_equipment","direct_identifier","pseudonymize","contact","NA","Combined identifying/location value is pseudonymized as a whole; it is not parsed or fuzzy matched."
"analysis","p0161c","shared_equipment_date_last_on_site","shared_equipment","quasi_identifier","retain","NA","NA","Exact date retained for controlled analytical use; future profiles may coarsen dates."
"analysis","p0162a","shared_equipment_received_or_loaned","shared_equipment","non_identifier","retain","NA","NA","Retained semantic value under the controlled-use analysis profile."
"analysis","p0162b","shared_equipment_name_company_phone","shared_equipment","direct_identifier","pseudonymize","contact","NA","Combined identifying/location value is pseudonymized as a whole; it is not parsed or fuzzy matched."
"analysis","p0162c","shared_equipment_date_last_on_site","shared_equipment","quasi_identifier","retain","NA","NA","Exact date retained for controlled analytical use; future profiles may coarsen dates."
"analysis","p0163a","shared_equipment_received_or_loaned","shared_equipment","non_identifier","retain","NA","NA","Retained semantic value under the controlled-use analysis profile."
"analysis","p0163b","shared_equipment_name_company_phone","shared_equipment","direct_identifier","pseudonymize","contact","NA","Combined identifying/location value is pseudonymized as a whole; it is not parsed or fuzzy matched."
"analysis","p0163c","shared_equipment_date_last_on_site","shared_equipment","quasi_identifier","retain","NA","NA","Exact date retained for controlled analytical use; future profiles may coarsen dates."
"analysis","p0164a","shared_equipment_received_or_loaned","shared_equipment","non_identifier","retain","NA","NA","Retained semantic value under the controlled-use analysis profile."
"analysis","p0164b","shared_equipment_name_company_phone","shared_equipment","direct_identifier","pseudonymize","contact","NA","Combined identifying/location value is pseudonymized as a whole; it is not parsed or fuzzy matched."
"analysis","p0164c","shared_equipment_date_last_on_site","shared_equipment","quasi_identifier","retain","NA","NA","Exact date retained for controlled analytical use; future profiles may coarsen dates."
"analysis","p0165a","shared_equipment_received_or_loaned","shared_equipment","non_identifier","retain","NA","NA","Retained semantic value under the controlled-use analysis profile."
"analysis","p0165c","shared_equipment_date_last_on_site","shared_equipment","quasi_identifier","retain","NA","NA","Exact date retained for controlled analytical use; future profiles may coarsen dates."
"analysis","p0150oth","visitor_other_type","","sensitive_free_text","review_remove","NA","NA","Unconstrained text is withheld; automated natural-language redaction is not attempted."
"analysis","p0165oth","shared_equipment_other_type","","sensitive_free_text","review_remove","NA","NA","Unconstrained text is withheld; automated natural-language redaction is not attempted."
"analysis","p0166","birds_introduced","","non_identifier","retain","NA","NA","Retained semantic value under the controlled-use analysis profile."
"analysis","p0172","birds_moved_off_premises","","non_identifier","retain","NA","NA","Retained semantic value under the controlled-use analysis profile."
"analysis","p0165b","shared_equipment_name_company_phone","shared_equipment","direct_identifier","pseudonymize","contact","NA","Combined identifying/location value is pseudonymized as a whole; it is not parsed or fuzzy matched."
"analysis","p0167a","bird_movements_bird_type","bird_movements","non_identifier","retain","NA","NA","Structured analytical label retained after semantic review."
"analysis","p0167","bird_movements_date","bird_movements","quasi_identifier","retain","NA","NA","Exact date retained for controlled analytical use; future profiles may coarsen dates."
"analysis","p0167b","bird_movements_source_name_location_phone","bird_movements","direct_identifier","pseudonymize","contact","NA","Combined identifying/location value is pseudonymized as a whole; it is not parsed or fuzzy matched."
"analysis","p0167c","bird_movements_transporter_name_phone","bird_movements","direct_identifier","pseudonymize","contact","NA","Combined identifying/location value is pseudonymized as a whole; it is not parsed or fuzzy matched."
"analysis","p0168","bird_movements_date","bird_movements","quasi_identifier","retain","NA","NA","Exact date retained for controlled analytical use; future profiles may coarsen dates."
"analysis","p0168a","bird_movements_bird_type","bird_movements","non_identifier","retain","NA","NA","Structured analytical label retained after semantic review."
"analysis","p0168b","bird_movements_source_name_location_phone","bird_movements","direct_identifier","pseudonymize","contact","NA","Combined identifying/location value is pseudonymized as a whole; it is not parsed or fuzzy matched."
"analysis","p0168c","bird_movements_transporter_name_phone","bird_movements","direct_identifier","pseudonymize","contact","NA","Combined identifying/location value is pseudonymized as a whole; it is not parsed or fuzzy matched."
"analysis","p0169","bird_movements_date","bird_movements","quasi_identifier","retain","NA","NA","Exact date retained for controlled analytical use; future profiles may coarsen dates."
"analysis","p0169a","bird_movements_bird_type","bird_movements","non_identifier","retain","NA","NA","Structured analytical label retained after semantic review."
"analysis","p0169b","bird_movements_source_name_location_phone","bird_movements","direct_identifier","pseudonymize","contact","NA","Combined identifying/location value is pseudonymized as a whole; it is not parsed or fuzzy matched."
"analysis","p0169c","bird_movements_transporter_name_phone","bird_movements","direct_identifier","pseudonymize","contact","NA","Combined identifying/location value is pseudonymized as a whole; it is not parsed or fuzzy matched."
"analysis","p0170","bird_movements_date","bird_movements","quasi_identifier","retain","NA","NA","Exact date retained for controlled analytical use; future profiles may coarsen dates."
"analysis","p0170a","bird_movements_bird_type","bird_movements","non_identifier","retain","NA","NA","Structured analytical label retained after semantic review."
"analysis","p0170b","bird_movements_source_name_location_phone","bird_movements","direct_identifier","pseudonymize","contact","NA","Combined identifying/location value is pseudonymized as a whole; it is not parsed or fuzzy matched."
"analysis","p0170c","bird_movements_transporter_name_phone","bird_movements","direct_identifier","pseudonymize","contact","NA","Combined identifying/location value is pseudonymized as a whole; it is not parsed or fuzzy matched."
"analysis","p0171","bird_movements_date","bird_movements","quasi_identifier","retain","NA","NA","Exact date retained for controlled analytical use; future profiles may coarsen dates."
"analysis","p0171a","bird_movements_bird_type","bird_movements","non_identifier","retain","NA","NA","Structured analytical label retained after semantic review."
"analysis","p0171b","bird_movements_source_name_location_phone","bird_movements","direct_identifier","pseudonymize","contact","NA","Combined identifying/location value is pseudonymized as a whole; it is not parsed or fuzzy matched."
"analysis","p0171c","bird_movements_transporter_name_phone","bird_movements","direct_identifier","pseudonymize","contact","NA","Combined identifying/location value is pseudonymized as a whole; it is not parsed or fuzzy matched."
"analysis","p0173","bird_movements_date","bird_movements","quasi_identifier","retain","NA","NA","Exact date retained for controlled analytical use; future profiles may coarsen dates."
"analysis","p0173a","bird_movements_bird_type","bird_movements","non_identifier","retain","NA","NA","Structured analytical label retained after semantic review."
"analysis","p0173b","bird_movements_destination_name_location_phone","bird_movements","direct_identifier","pseudonymize","contact","NA","Combined identifying/location value is pseudonymized as a whole; it is not parsed or fuzzy matched."
"analysis","p0173c","bird_movements_transporter_name_phone","bird_movements","direct_identifier","pseudonymize","contact","NA","Combined identifying/location value is pseudonymized as a whole; it is not parsed or fuzzy matched."
"analysis","p0174","bird_movements_date","bird_movements","quasi_identifier","retain","NA","NA","Exact date retained for controlled analytical use; future profiles may coarsen dates."
"analysis","p0174a","bird_movements_bird_type","bird_movements","non_identifier","retain","NA","NA","Structured analytical label retained after semantic review."
"analysis","p0174b","bird_movements_destination_name_location_phone","bird_movements","direct_identifier","pseudonymize","contact","NA","Combined identifying/location value is pseudonymized as a whole; it is not parsed or fuzzy matched."
"analysis","p0174c","bird_movements_transporter_name_phone","bird_movements","direct_identifier","pseudonymize","contact","NA","Combined identifying/location value is pseudonymized as a whole; it is not parsed or fuzzy matched."
"analysis","p0175","bird_movements_date","bird_movements","quasi_identifier","retain","NA","NA","Exact date retained for controlled analytical use; future profiles may coarsen dates."
"analysis","p0175a","bird_movements_bird_type","bird_movements","non_identifier","retain","NA","NA","Structured analytical label retained after semantic review."
"analysis","p0175b","bird_movements_destination_name_location_phone","bird_movements","direct_identifier","pseudonymize","contact","NA","Combined identifying/location value is pseudonymized as a whole; it is not parsed or fuzzy matched."
"analysis","p0175c","bird_movements_transporter_name_phone","bird_movements","direct_identifier","pseudonymize","contact","NA","Combined identifying/location value is pseudonymized as a whole; it is not parsed or fuzzy matched."
"analysis","p0176","bird_movements_date","bird_movements","quasi_identifier","retain","NA","NA","Exact date retained for controlled analytical use; future profiles may coarsen dates."
"analysis","p0176a","bird_movements_bird_type","bird_movements","non_identifier","retain","NA","NA","Structured analytical label retained after semantic review."
"analysis","p0176b","bird_movements_destination_name_location_phone","bird_movements","direct_identifier","pseudonymize","contact","NA","Combined identifying/location value is pseudonymized as a whole; it is not parsed or fuzzy matched."
"analysis","p0176c","bird_movements_transporter_name_phone","bird_movements","direct_identifier","pseudonymize","contact","NA","Combined identifying/location value is pseudonymized as a whole; it is not parsed or fuzzy matched."
"analysis","p0177","bird_movements_date","bird_movements","quasi_identifier","retain","NA","NA","Exact date retained for controlled analytical use; future profiles may coarsen dates."
"analysis","p0177a","bird_movements_bird_type","bird_movements","non_identifier","retain","NA","NA","Structured analytical label retained after semantic review."
"analysis","p0177c","bird_movements_transporter_name_phone","bird_movements","direct_identifier","pseudonymize","contact","NA","Combined identifying/location value is pseudonymized as a whole; it is not parsed or fuzzy matched."
"analysis","p0186","egg_products_moved_onto_premises","","non_identifier","retain","NA","NA","Retained semantic value under the controlled-use analysis profile."
"analysis","p0181","eggs_moved_onto_premises","","non_identifier","retain","NA","NA","Retained semantic value under the controlled-use analysis profile."
"analysis","p0178","eggs_moved_within_premises","","non_identifier","retain","NA","NA","Retained semantic value under the controlled-use analysis profile."
"analysis","p0179","contract_crew_moved_within_premises","","non_identifier","retain","NA","NA","Retained semantic value under the controlled-use analysis profile."
"analysis","p0180","farm_equipment_moved_within_premises","","non_identifier","retain","NA","NA","Retained semantic value under the controlled-use analysis profile."
"analysis","p0182b","egg_movements_description","egg_movements","non_identifier","retain","NA","NA","Retained semantic value under the controlled-use analysis profile."
"analysis","p0177b","bird_movements_destination_name_location_phone","bird_movements","direct_identifier","pseudonymize","contact","NA","Combined identifying/location value is pseudonymized as a whole; it is not parsed or fuzzy matched."
"analysis","p0179oth","company_crew_name","","direct_identifier","pseudonymize","organization","NA","Semantically clear company/crew organization value; exact normalized repeats share an opaque organization pseudonym."
"analysis","p0180oth","describe","","sensitive_free_text","review_remove","NA","NA","Unconstrained text is withheld; automated natural-language redaction is not attempted."
"analysis","p0182","egg_movements_source_destination","egg_movements","direct_identifier","pseudonymize","contact","NA","Combined identifying/location value is pseudonymized as a whole; it is not parsed or fuzzy matched."
"analysis","p0182a","egg_movements_date","egg_movements","quasi_identifier","retain","NA","NA","Exact date retained for controlled analytical use; future profiles may coarsen dates."
"analysis","p0183b","egg_movements_description","egg_movements","non_identifier","retain","NA","NA","Retained semantic value under the controlled-use analysis profile."
"analysis","p0184b","egg_movements_description","egg_movements","non_identifier","retain","NA","NA","Retained semantic value under the controlled-use analysis profile."
"analysis","p0185b","egg_movements_description","egg_movements","non_identifier","retain","NA","NA","Retained semantic value under the controlled-use analysis profile."
"analysis","p0185","egg_movements_source_destination","egg_movements","direct_identifier","pseudonymize","contact","NA","Combined identifying/location value is pseudonymized as a whole; it is not parsed or fuzzy matched."
"analysis","p0185a","egg_movements_date","egg_movements","quasi_identifier","retain","NA","NA","Exact date retained for controlled analytical use; future profiles may coarsen dates."
"analysis","p0184","egg_movements_source_destination","egg_movements","direct_identifier","pseudonymize","contact","NA","Combined identifying/location value is pseudonymized as a whole; it is not parsed or fuzzy matched."
"analysis","p0184a","egg_movements_date","egg_movements","quasi_identifier","retain","NA","NA","Exact date retained for controlled analytical use; future profiles may coarsen dates."
"analysis","p0183","egg_movements_source_destination","egg_movements","direct_identifier","pseudonymize","contact","NA","Combined identifying/location value is pseudonymized as a whole; it is not parsed or fuzzy matched."
"analysis","p0183a","egg_movements_date","egg_movements","quasi_identifier","retain","NA","NA","Exact date retained for controlled analytical use; future profiles may coarsen dates."
"analysis","p0187b","egg_movements_description","egg_movements","non_identifier","retain","NA","NA","Retained semantic value under the controlled-use analysis profile."
"analysis","p0188b","egg_movements_description","egg_movements","non_identifier","retain","NA","NA","Retained semantic value under the controlled-use analysis profile."
"analysis","p0189b","egg_movements_description","egg_movements","non_identifier","retain","NA","NA","Retained semantic value under the controlled-use analysis profile."
"analysis","p0189","egg_movements_source_destination","egg_movements","direct_identifier","pseudonymize","contact","NA","Combined identifying/location value is pseudonymized as a whole; it is not parsed or fuzzy matched."
"analysis","p0189a","egg_movements_date","egg_movements","quasi_identifier","retain","NA","NA","Exact date retained for controlled analytical use; future profiles may coarsen dates."
"analysis","p0190","egg_movements_source_destination","egg_movements","direct_identifier","pseudonymize","contact","NA","Combined identifying/location value is pseudonymized as a whole; it is not parsed or fuzzy matched."
"analysis","p0190a","egg_movements_date","egg_movements","quasi_identifier","retain","NA","NA","Exact date retained for controlled analytical use; future profiles may coarsen dates."
"analysis","p0190b","egg_movements_description","egg_movements","non_identifier","retain","NA","NA","Retained semantic value under the controlled-use analysis profile."
"analysis","p0187","egg_movements_source_destination","egg_movements","direct_identifier","pseudonymize","contact","NA","Combined identifying/location value is pseudonymized as a whole; it is not parsed or fuzzy matched."
"analysis","p0187a","egg_movements_date","egg_movements","quasi_identifier","retain","NA","NA","Exact date retained for controlled analytical use; future profiles may coarsen dates."
"analysis","p0188","egg_movements_source_destination","egg_movements","direct_identifier","pseudonymize","contact","NA","Combined identifying/location value is pseudonymized as a whole; it is not parsed or fuzzy matched."
"analysis","p0188a","egg_movements_date","egg_movements","quasi_identifier","retain","NA","NA","Exact date retained for controlled analytical use; future profiles may coarsen dates."
"analysis","p0191","eggs_moved_off_premises","","non_identifier","retain","NA","NA","Retained semantic value under the controlled-use analysis profile."
"analysis","p0192","egg_movements_source_destination","egg_movements","direct_identifier","pseudonymize","contact","NA","Combined identifying/location value is pseudonymized as a whole; it is not parsed or fuzzy matched."
"analysis","p0192a","egg_movements_date","egg_movements","quasi_identifier","retain","NA","NA","Exact date retained for controlled analytical use; future profiles may coarsen dates."
"analysis","p0192b","egg_movements_description","egg_movements","non_identifier","retain","NA","NA","Retained semantic value under the controlled-use analysis profile."
"analysis","p0193","egg_movements_source_destination","egg_movements","direct_identifier","pseudonymize","contact","NA","Combined identifying/location value is pseudonymized as a whole; it is not parsed or fuzzy matched."
"analysis","p0193a","egg_movements_date","egg_movements","quasi_identifier","retain","NA","NA","Exact date retained for controlled analytical use; future profiles may coarsen dates."
"analysis","p0193b","egg_movements_description","egg_movements","non_identifier","retain","NA","NA","Retained semantic value under the controlled-use analysis profile."
"analysis","p0194","egg_movements_source_destination","egg_movements","direct_identifier","pseudonymize","contact","NA","Combined identifying/location value is pseudonymized as a whole; it is not parsed or fuzzy matched."
"analysis","p0194a","egg_movements_date","egg_movements","quasi_identifier","retain","NA","NA","Exact date retained for controlled analytical use; future profiles may coarsen dates."
"analysis","p0194b","egg_movements_description","egg_movements","non_identifier","retain","NA","NA","Retained semantic value under the controlled-use analysis profile."
"analysis","p0195","egg_movements_source_destination","egg_movements","direct_identifier","pseudonymize","contact","NA","Combined identifying/location value is pseudonymized as a whole; it is not parsed or fuzzy matched."
"analysis","p0195a","egg_movements_date","egg_movements","quasi_identifier","retain","NA","NA","Exact date retained for controlled analytical use; future profiles may coarsen dates."
"analysis","p0195b","egg_movements_description","egg_movements","non_identifier","retain","NA","NA","Retained semantic value under the controlled-use analysis profile."
"analysis","p0196","egg_products_moved_off_premises","","non_identifier","retain","NA","NA","Retained semantic value under the controlled-use analysis profile."
"analysis","p0197","egg_movements_source_destination","egg_movements","direct_identifier","pseudonymize","contact","NA","Combined identifying/location value is pseudonymized as a whole; it is not parsed or fuzzy matched."
"analysis","p0197a","egg_movements_date","egg_movements","quasi_identifier","retain","NA","NA","Exact date retained for controlled analytical use; future profiles may coarsen dates."
"analysis","p0197b","egg_movements_description","egg_movements","non_identifier","retain","NA","NA","Retained semantic value under the controlled-use analysis profile."
"analysis","p0198","egg_movements_source_destination","egg_movements","direct_identifier","pseudonymize","contact","NA","Combined identifying/location value is pseudonymized as a whole; it is not parsed or fuzzy matched."
"analysis","p0198a","egg_movements_date","egg_movements","quasi_identifier","retain","NA","NA","Exact date retained for controlled analytical use; future profiles may coarsen dates."
"analysis","p0198b","egg_movements_description","egg_movements","non_identifier","retain","NA","NA","Retained semantic value under the controlled-use analysis profile."
"analysis","p0199b","egg_movements_description","egg_movements","non_identifier","retain","NA","NA","Retained semantic value under the controlled-use analysis profile."
"analysis","p0199","egg_movements_source_destination","egg_movements","direct_identifier","pseudonymize","contact","NA","Combined identifying/location value is pseudonymized as a whole; it is not parsed or fuzzy matched."
"analysis","p0199a","egg_movements_date","egg_movements","quasi_identifier","retain","NA","NA","Exact date retained for controlled analytical use; future profiles may coarsen dates."
"analysis","p0200a","egg_movements_date","egg_movements","quasi_identifier","retain","NA","NA","Exact date retained for controlled analytical use; future profiles may coarsen dates."
"analysis","p0200b","egg_movements_description","egg_movements","non_identifier","retain","NA","NA","Retained semantic value under the controlled-use analysis profile."
"analysis","p0300","domestic_birds_outdoor_access","","non_identifier","retain","NA","NA","Retained semantic value under the controlled-use analysis profile."
"analysis","p0301","waterbody_within_350_yards","","non_identifier","retain","NA","NA","Retained semantic value under the controlled-use analysis profile."
"analysis","p0302","waterbody_open_water","","non_identifier","retain","NA","NA","Retained semantic value under the controlled-use analysis profile."
"analysis","p0303","wildlife_abundance_ducks","","non_identifier","retain","NA","NA","Retained semantic value under the controlled-use analysis profile."
"analysis","p0304","wildlife_abundance_geese","","non_identifier","retain","NA","NA","Retained semantic value under the controlled-use analysis profile."
"analysis","p0305","wildlife_abundance_shorebirds","","non_identifier","retain","NA","NA","Retained semantic value under the controlled-use analysis profile."
"analysis","p0306","wildlife_abundance_other","","non_identifier","retain","NA","NA","Retained semantic value under the controlled-use analysis profile."
"analysis","p0310","wildlife_frequency_p0310","","non_identifier","retain","NA","NA","Retained semantic value under the controlled-use analysis profile."
"analysis","p0200","egg_movements_source_destination","egg_movements","direct_identifier","pseudonymize","contact","NA","Combined identifying/location value is pseudonymized as a whole; it is not parsed or fuzzy matched."
"analysis","p0306oth","other_waterfowl_type","","sensitive_free_text","review_remove","NA","NA","Unconstrained text is withheld; automated natural-language redaction is not attempted."
"analysis","p0311","wildlife_frequency_p0311","","non_identifier","retain","NA","NA","Retained semantic value under the controlled-use analysis profile."
"analysis","p0312","wildlife_frequency_p0312","","non_identifier","retain","NA","NA","Retained semantic value under the controlled-use analysis profile."
"analysis","p0313","wildlife_frequency_p0313","","non_identifier","retain","NA","NA","Retained semantic value under the controlled-use analysis profile."
"analysis","p0309","closest_field_worked_reference_period","","non_identifier","retain","NA","NA","Retained semantic value under the controlled-use analysis profile."
"analysis","p0308","closest_field_tilled_last_fall","","non_identifier","retain","NA","NA","Retained semantic value under the controlled-use analysis profile."
"analysis","p0307","closest_field_distance_yards","","quasi_identifier","retain","NA","NA","Scientific numeric value retained for controlled analytical use."
"analysis","p0314","supplemental_feed","","non_identifier","retain","NA","NA","Retained semantic value under the controlled-use analysis profile."
"analysis","p0315","wildlife_frequency_p0315","","non_identifier","retain","NA","NA","Retained semantic value under the controlled-use analysis profile."
"analysis","p0316","wildlife_frequency_p0316","","non_identifier","retain","NA","NA","Retained semantic value under the controlled-use analysis profile."
"analysis","p0317","wildlife_frequency_p0317","","non_identifier","retain","NA","NA","Retained semantic value under the controlled-use analysis profile."
"analysis","p0318","wildlife_frequency_p0318","","non_identifier","retain","NA","NA","Retained semantic value under the controlled-use analysis profile."
"analysis","p0319","wildlife_frequency_p0319","","non_identifier","retain","NA","NA","Retained semantic value under the controlled-use analysis profile."
"analysis","p0320","wildlife_frequency_p0320","","non_identifier","retain","NA","NA","Retained semantic value under the controlled-use analysis profile."
"analysis","p0321","wildlife_frequency_p0321","","non_identifier","retain","NA","NA","Retained semantic value under the controlled-use analysis profile."
"analysis","p0322","wildlife_frequency_p0322","","non_identifier","retain","NA","NA","Retained semantic value under the controlled-use analysis profile."
"analysis","p0323","wildlife_frequency_p0323","","non_identifier","retain","NA","NA","Retained semantic value under the controlled-use analysis profile."
"analysis","p0313oth","other_wild_bird_type","","sensitive_free_text","review_remove","NA","NA","Unconstrained text is withheld; automated natural-language redaction is not attempted."
"analysis","p0326","wild_birds_observed","","non_identifier","retain","NA","NA","Retained semantic value under the controlled-use analysis profile."
"analysis","p0327","wild_mammals_present","","non_identifier","retain","NA","NA","Retained semantic value under the controlled-use analysis profile."
"analysis","p0328","additional_information_available","","non_identifier","retain","NA","NA","Retained semantic value under the controlled-use analysis profile."
"analysis","p0325","wildlife_management_plan","","non_identifier","retain","NA","NA","Retained semantic value under the controlled-use analysis profile."
"analysis","p0324","wild_mammals_observed","","non_identifier","retain","NA","NA","Retained semantic value under the controlled-use analysis profile."
"analysis","p0109c","manure_destinations_livestock_or_poultry_housed","manure_destinations","non_identifier","retain","NA","NA","Retained semantic value under the controlled-use analysis profile."
"analysis","p0110c","manure_destinations_livestock_or_poultry_housed","manure_destinations","non_identifier","retain","NA","NA","Retained semantic value under the controlled-use analysis profile."
"analysis","p0111c","manure_destinations_livestock_or_poultry_housed","manure_destinations","non_identifier","retain","NA","NA","Retained semantic value under the controlled-use analysis profile."
"analysis","p0133d","visitors_other_livestock_premises_type","visitors","non_identifier","retain","NA","NA","Retained semantic value under the controlled-use analysis profile."
"analysis","p0134d","visitors_other_livestock_premises_type","visitors","non_identifier","retain","NA","NA","Retained semantic value under the controlled-use analysis profile."
"analysis","p0135d","visitors_other_livestock_premises_type","visitors","non_identifier","retain","NA","NA","Retained semantic value under the controlled-use analysis profile."
"analysis","p0136d","visitors_other_livestock_premises_type","visitors","non_identifier","retain","NA","NA","Retained semantic value under the controlled-use analysis profile."
"analysis","p0137d","visitors_other_livestock_premises_type","visitors","non_identifier","retain","NA","NA","Retained semantic value under the controlled-use analysis profile."
"analysis","p0138d","visitors_other_livestock_premises_type","visitors","non_identifier","retain","NA","NA","Retained semantic value under the controlled-use analysis profile."
"analysis","p0139d","visitors_other_livestock_premises_type","visitors","non_identifier","retain","NA","NA","Retained semantic value under the controlled-use analysis profile."
"analysis","p0140d","visitors_other_livestock_premises_type","visitors","non_identifier","retain","NA","NA","Retained semantic value under the controlled-use analysis profile."
"analysis","p0141d","visitors_other_livestock_premises_type","visitors","non_identifier","retain","NA","NA","Retained semantic value under the controlled-use analysis profile."
"analysis","p0142d","visitors_other_livestock_premises_type","visitors","non_identifier","retain","NA","NA","Retained semantic value under the controlled-use analysis profile."
"analysis","p0143d","visitors_other_livestock_premises_type","visitors","non_identifier","retain","NA","NA","Retained semantic value under the controlled-use analysis profile."
"analysis","p0144d","visitors_other_livestock_premises_type","visitors","non_identifier","retain","NA","NA","Retained semantic value under the controlled-use analysis profile."
"analysis","p0145d","visitors_other_livestock_premises_type","visitors","non_identifier","retain","NA","NA","Retained semantic value under the controlled-use analysis profile."
"analysis","p0146d","visitors_other_livestock_premises_type","visitors","non_identifier","retain","NA","NA","Retained semantic value under the controlled-use analysis profile."
"analysis","p0147d","visitors_other_livestock_premises_type","visitors","non_identifier","retain","NA","NA","Retained semantic value under the controlled-use analysis profile."
"analysis","p0148d","visitors_other_livestock_premises_type","visitors","non_identifier","retain","NA","NA","Retained semantic value under the controlled-use analysis profile."
"analysis","p0149d","visitors_other_livestock_premises_type","visitors","non_identifier","retain","NA","NA","Retained semantic value under the controlled-use analysis profile."
"analysis","p0150d","visitors_other_livestock_premises_type","visitors","non_identifier","retain","NA","NA","Retained semantic value under the controlled-use analysis profile."
"analysis","p0151d","shared_equipment_other_premises_livestock_type","shared_equipment","non_identifier","retain","NA","NA","Retained semantic value under the controlled-use analysis profile."
"analysis","p0165d","shared_equipment_other_premises_livestock_type","shared_equipment","non_identifier","retain","NA","NA","Retained semantic value under the controlled-use analysis profile."
"analysis","p0164d","shared_equipment_other_premises_livestock_type","shared_equipment","non_identifier","retain","NA","NA","Retained semantic value under the controlled-use analysis profile."
"analysis","p0163d","shared_equipment_other_premises_livestock_type","shared_equipment","non_identifier","retain","NA","NA","Retained semantic value under the controlled-use analysis profile."
"analysis","p0162d","shared_equipment_other_premises_livestock_type","shared_equipment","non_identifier","retain","NA","NA","Retained semantic value under the controlled-use analysis profile."
"analysis","p0161d","shared_equipment_other_premises_livestock_type","shared_equipment","non_identifier","retain","NA","NA","Retained semantic value under the controlled-use analysis profile."
"analysis","p0160d","shared_equipment_other_premises_livestock_type","shared_equipment","non_identifier","retain","NA","NA","Retained semantic value under the controlled-use analysis profile."
"analysis","p0159d","shared_equipment_other_premises_livestock_type","shared_equipment","non_identifier","retain","NA","NA","Retained semantic value under the controlled-use analysis profile."
"analysis","p0158d","shared_equipment_other_premises_livestock_type","shared_equipment","non_identifier","retain","NA","NA","Retained semantic value under the controlled-use analysis profile."
"analysis","p0157d","shared_equipment_other_premises_livestock_type","shared_equipment","non_identifier","retain","NA","NA","Retained semantic value under the controlled-use analysis profile."
"analysis","p0156d","shared_equipment_other_premises_livestock_type","shared_equipment","non_identifier","retain","NA","NA","Retained semantic value under the controlled-use analysis profile."
"analysis","p0155d","shared_equipment_other_premises_livestock_type","shared_equipment","non_identifier","retain","NA","NA","Retained semantic value under the controlled-use analysis profile."
"analysis","p0154d","shared_equipment_other_premises_livestock_type","shared_equipment","non_identifier","retain","NA","NA","Retained semantic value under the controlled-use analysis profile."
"analysis","p0153d","shared_equipment_other_premises_livestock_type","shared_equipment","non_identifier","retain","NA","NA","Retained semantic value under the controlled-use analysis profile."
"analysis","p0152d","shared_equipment_other_premises_livestock_type","shared_equipment","non_identifier","retain","NA","NA","Retained semantic value under the controlled-use analysis profile."
"analysis","If Yes describe p0328oth","if_yes_describe_p0328oth","","sensitive_free_text","review_remove","NA","NA","Unconstrained text is withheld; automated natural-language redaction is not attempted."
"analysis","CLEAR FORM","clear_form","","non_identifier","retain","NA","NA","Retained semantic value under the controlled-use analysis profile."
"analysis","p0323oth","other_wildlife_type","","sensitive_free_text","review_remove","NA","NA","Unconstrained text is withheld; automated natural-language redaction is not attempted."
