section_id,question_id,canonical_name,table_name,column_name,response_type,data_type,codebook_id,privacy_action,candidate_domain,candidate_feature,feature_semantics,derivation_type,eligible,reason
B,B1,baseline_mortality,,,text,numeric,,retain,flock_clinical,baseline_mortality,Questionnaire-reported baseline mortality value,direct,TRUE,Retained parsed numeric scalar with unambiguous question semantics
B,B1,initial_sampling_mortality,,,text,numeric,,retain,flock_clinical,initial_sampling_mortality,Questionnaire-reported initial sampling mortality value,direct,TRUE,Retained parsed numeric scalar with unambiguous question semantics
B,B4,eggs_present,,,text,numeric,,retain,flock_clinical,eggs_present,Questionnaire-reported total eggs present,direct,TRUE,Retained parsed numeric scalar with unambiguous question semantics
B,B4,eggs_laid_last_week,,,text,numeric,,retain,flock_clinical,eggs_laid_last_week,Questionnaire-reported eggs laid in the last week,direct,TRUE,Retained parsed numeric scalar with unambiguous question semantics
B,B2,ai_tests,ai_tests,date|result|test_type,table,mixed,,retain,flock_clinical,ai_test_records,Rows with retained AI-test analytical content,count,TRUE,Record presence can be defined without identity-bearing columns
B,B3,houses,houses,bird_type|age_weeks|birds_placed|birds_today|ventilation_type|clinical_onset_date,table,mixed,,retain,flock_clinical,house_records,Rows with retained house analytical content,count,TRUE,Record presence can be defined without the local house identifier
C,C1,carcass_bin_available,,,coded,character,yes_no_1_3,retain,mortality_disposal,carcass_bin_available_reported,Explicit Yes or No response,logical,TRUE,Binary mapping is complete and missing remains missing
C,C1,mortality_disposal,mortality_disposal,site_status|dates|distance_yards,table,mixed,,retain,mortality_disposal,mortality_disposal_records,Method rows with retained analytical content,count,TRUE,Methods are counted without ranking or scoring
C,C2,manure_from_another_premises,,,coded,character,yes_no_1_3,retain,manure_materials,manure_from_another_premises_reported,Explicit Yes or No response,logical,TRUE,Binary mapping is complete and missing remains missing
C,C1;C2,manure_destinations,manure_destinations,date|intended_use|livestock_or_poultry_housed|type,table,mixed,,retain,manure_materials,manure_destination_records,Destination rows with retained analytical content,count,TRUE,Destination identity is not used
C,C2,imported_materials,imported_materials,product_species_origin|date,table,mixed,,retain,manure_materials,imported_material_records,Imported-material rows with retained analytical content,count,TRUE,Source identity is not used
C,C3,visited_other_premises,,,coded,character,yes_no_1_3,retain,personnel_contact,worker_other_premises_visits_reported,Explicit parent response preserved independently of child rows,logical,TRUE,Parent and child semantics are explicit and contradictions can be flagged
C,C3,worker_visits,worker_visits,person_title|date,table,mixed,,retain,personnel_contact,worker_visit_records,Worker-visit rows with retained analytical content,count,TRUE,Person and premises identifiers are not used
C,C3;C4,crews,crews,crew_type|date,table,mixed,,retain,personnel_contact,crew_records,Crew rows with retained analytical content,count,TRUE,Crew and company identities are not used
C,C4,visitors,visitors,visit_premises|visit_dates|entered_poultry_barn|other_livestock_premises_type,table,mixed,,retain,personnel_contact,visitor_records,Visitor-category rows with retained analytical content,count,TRUE,Count is explicitly records rather than unique people
C,C4;C5,shared_equipment,shared_equipment,received_or_loaned|date_last_on_site|other_premises_livestock_type,table,mixed,,retain,shared_equipment,shared_equipment_records,Shared-equipment category rows with retained analytical content,count,TRUE,Entity identifiers are not used
C,C5,birds_introduced;birds_moved_off_premises,,,coded,character,yes_no_1_3,retain,bird_movement,birds_introduced_reported;birds_moved_off_reported,Explicit directional parent responses preserved independently of child rows,logical,TRUE,Direction-specific child filters are defined by the semantic table
C,C5,bird_movements,bird_movements,bird_type|date,table,mixed,,retain,bird_movement,bird_movement_records,Bird-movement rows with retained analytical content,count,TRUE,Source destination and transporter identifiers are not used
C,C6,egg_movement_parents,,,coded,character,yes_no_1_3,retain,egg_movement,egg_movement_reported_features,Four explicit directional and material parent responses,logical,TRUE,Direction and material filters are explicit in the relational table
C,C6,egg_movements,egg_movements,date|description,table,mixed,,retain,egg_movement,egg_movement_records,Egg and egg-product rows with retained analytical content,count,TRUE,Source and destination identifiers are not used
C;D,C2;D1,environment_yes_no_fields,,,coded,character,yes_no_1_3,retain,environment_wildlife,environment_reported_features,Explicit structured environmental and wildlife responses,logical,TRUE,Binary mapping is complete and no external ecological inference is used
D,D1,supplemental_feed,,,coded,character,yes_no_na_dk_1_3_na_4,retain,environment_wildlife,supplemental_feed_response,All defined response states including unknown and not applicable,coded,TRUE,Categorical output preserves distinctions that binary output would lose
D,D1,wildlife_management_plan,,,coded,character,yes_no_dk_1_3_4,retain,environment_wildlife,wildlife_management_plan_response,All defined response states including unknown,coded,TRUE,Categorical output preserves Don't know
C,C1,veterinarian_available;depopulation_plan,,,coded,character,yes_no_1_3,retain,management_veterinary,management_reported_features,Explicit availability and plan responses,logical,TRUE,Neutral observable constructs with complete mappings
A,A1,premises_county,,,text,character,,retain,geography,,County value,direct,FALSE,Geographic enrichment and case-level geography were deferred from v1
B,B1,clinical_dates,,,date,date,,retain,flock_clinical,,Potential date intervals,aggregate,FALSE,Temporal direction chronology and invalid-date behavior require separate review
D,D1,wildlife_frequency_and_abundance,,,coded,character,frequency_1_3|abundance_1_5,retain,environment_wildlife,,Taxon-specific frequency or abundance responses,coded,FALSE,Several source canonical names require further semantic reconciliation before feature naming
C,C3;C4,community_and_worker_livestock,,,multiselect,character,,retain,personnel_contact,,Livestock selections associated with community or workers,aggregate,FALSE,Parent selection and denominator semantics require a separately reviewed contract
C,C1,mortality_site_aggregation,mortality_disposal,site_status,table,character,,retain,mortality_disposal,,On-site or off-site method indicators,aggregate,FALSE,Fixed-row site-status encodings require method-specific review before aggregation
ALL,ALL,direct_identifiers,,,text,character,,drop,,,Identity-bearing source values,,FALSE,Privacy action is not retain
ALL,ALL,pseudonym_identifiers,,,text,character,,pseudonymize,,,Pseudonym linkage values,,FALSE,Identifiers are not analytical features
ALL,ALL,sensitive_free_text,,,text,character,,review_remove,,,Narrative interpretation,,FALSE,Free text is withheld and NLP is outside scope
ALL,ALL,composite_contact_or_movement_indicator,,,aggregate,mixed,,retain,,,Combined domain indicator,aggregate,FALSE,Composite features and scores require separate scientific review
