field,page,x1,y1,x2,y2,baseline_text
premid,1,416.014,429.195,515.302,451.195,(cid:66)(cid:66)(cid:66)(cid:66)(cid:66)(cid:66)(cid:66)(cid:66)(cid:66)(cid:66)(cid:66)(cid:66)(cid:66)(cid:66)(cid:66)(cid:66)
premname,1,182.86,405.814,501.758,427.814,printed form (cid:66)(cid:66)(cid:66)(cid:66)(cid:66)(cid:66)(cid:66)(cid:66)(cid:66)(cid:66)(cid:66)(cid:66)(cid:66)(cid:66)(cid:66)(cid:66)(cid:66)(cid:66)(cid:66)(cid:66)(cid:66)(cid:66)(cid:66)(cid:66)(cid:66)(cid:66)(cid:66)(cid:66)(cid:66)(cid:66)(cid:66)(cid:66)(cid:66)(cid:66)(cid:66)(cid:66)(cid:66)(cid:66)(cid:66)(cid:66)(cid:66)(cid:66)(cid:66)(cid:66)(cid:66)(cid:66)(cid:66)(cid:66)(cid:66)(cid:66)(cid:66)(cid:66)(cid:66)(cid:66)(cid:66)(cid:66)(cid:66)
premadd,1,182.959,382.937,507.014,404.937,(cid:66)(cid:66)(cid:66)(cid:66)(cid:66)(cid:66)(cid:66)(cid:66)(cid:66)(cid:66)(cid:66)(cid:66)(cid:66)(cid:66)(cid:66)(cid:66)(cid:66)(cid:66)(cid:66)(cid:66)(cid:66)(cid:66)(cid:66)(cid:66)(cid:66)(cid:66)(cid:66)(cid:66)(cid:66)(cid:66)(cid:66)(cid:66)(cid:66)(cid:66)(cid:66)(cid:66)(cid:66)(cid:66)(cid:66)(cid:66)(cid:66)(cid:66)(cid:66)(cid:66)(cid:66)(cid:66)(cid:66)(cid:66)(cid:66)(cid:66)(cid:66)(cid:66)(cid:66)(cid:66)(cid:66)(cid:66)(cid:66)(cid:66)
premcnty,1,183.057,359.631,507.543,381.631,(cid:66)(cid:66)(cid:66)(cid:66)(cid:66)(cid:66)(cid:66)(cid:66)(cid:66)(cid:66)(cid:66)(cid:66)(cid:66)(cid:66)(cid:66)(cid:66)(cid:66)(cid:66)(cid:66)(cid:66)(cid:66)(cid:66)(cid:66)(cid:66)(cid:66)(cid:66)(cid:66)(cid:66)(cid:66)(cid:66)(cid:66)(cid:66)(cid:66)(cid:66)(cid:66)(cid:66)(cid:66)(cid:66)(cid:66)(cid:66)(cid:66)(cid:66)(cid:66)(cid:66)(cid:66)(cid:66)(cid:66)(cid:66)(cid:66)(cid:66)(cid:66)(cid:66)(cid:66)(cid:66)(cid:66)(cid:66)(cid:66)(cid:66)
ownname,1,216.248,335.895,506.782,357.895,(cid:66)(cid:66)(cid:66)(cid:66)(cid:66)(cid:66)(cid:66)(cid:66)(cid:66)(cid:66)(cid:66)(cid:66)(cid:66)(cid:66)(cid:66)(cid:66)(cid:66)(cid:66)(cid:66)(cid:66)(cid:66)(cid:66)(cid:66)(cid:66)(cid:66)(cid:66)(cid:66)(cid:66)(cid:66)(cid:66)(cid:66)(cid:66)(cid:66)(cid:66)(cid:66)(cid:66)(cid:66)(cid:66)(cid:66)(cid:66)(cid:66)(cid:66)(cid:66)(cid:66)(cid:66)(cid:66)(cid:66)(cid:66)(cid:66)(cid:66)(cid:66)(cid:66)(cid:82)(cid:90)(cid:81)(cid:81)(cid:68)(cid:80)(cid:72)
ownph,1,144.146,313.879,261.913,335.879,(cid:66)(cid:66)(cid:66)(cid:66)(cid:66)(cid:66)(cid:66)(cid:66)(cid:66)(cid:66)(cid:66)(cid:66)(cid:66)(cid:66)(cid:66)(cid:66)(cid:66)(cid:66)(cid:66)(cid:66)(cid:66)
owneml,1,327.325,313.35,512.566,335.35,(cid:66)(cid:66)(cid:66)(cid:66)(cid:66)(cid:66)(cid:66)(cid:66)(cid:66)(cid:66)(cid:66)(cid:66)(cid:66)(cid:66)(cid:66)(cid:66)(cid:66)(cid:66)(cid:66)(cid:66)(cid:66)(cid:66)(cid:66)(cid:66)(cid:66)(cid:66)(cid:66)(cid:66)(cid:66)(cid:66)(cid:66)(cid:66)(cid:66)(cid:82)(cid:90)(cid:81)(cid:72)(cid:80)(cid:79)
premlat,1,199.353,290.044,286.178,312.044,(cid:66)(cid:66)(cid:66)(cid:66)(cid:66)(cid:66)(cid:66)(cid:66)(cid:66)(cid:66)(cid:66)(cid:66)(cid:66)(cid:66)(cid:66)
premlong,1,377.805,290.805,508.036,312.805,(cid:66)(cid:66)(cid:66)(cid:66)(cid:66)(cid:66)(cid:66)(cid:66)(cid:66)(cid:66)(cid:66)(cid:66)(cid:66)(cid:66)(cid:66)(cid:66)(cid:66)(cid:66)(cid:66)(cid:66)(cid:66)(cid:66)(cid:66)
amlname,1,217.171,261.912,504.696,283.912,(cid:66)(cid:66)(cid:66)(cid:66)(cid:66)(cid:66)(cid:66)(cid:66)(cid:66)(cid:66)(cid:66)(cid:66)(cid:66)(cid:66)(cid:66)(cid:66)(cid:66)(cid:66)(cid:66)(cid:66)(cid:66)(cid:66)(cid:66)(cid:66)(cid:66)(cid:66)(cid:66)(cid:66)(cid:66)(cid:66)(cid:66)(cid:66)(cid:66)(cid:66)(cid:66)(cid:66)(cid:66)(cid:66)(cid:66)(cid:66)(cid:66)(cid:66)(cid:66)(cid:66)(cid:66)(cid:66)(cid:66)(cid:66)(cid:66)(cid:66)(cid:66)(cid:66)
amladd,1,188.905,239.036,508.233,261.036,(cid:66)(cid:66)(cid:66)(cid:66)(cid:66)(cid:66)(cid:66)(cid:66)(cid:66)(cid:66)(cid:66)(cid:66)(cid:66)(cid:66)(cid:66)(cid:66)(cid:66)(cid:66)(cid:66)(cid:66)(cid:66)(cid:66)(cid:66)(cid:66)(cid:66)(cid:66)(cid:66)(cid:66)(cid:66)(cid:66)(cid:66)(cid:66)(cid:66)(cid:66)(cid:66)(cid:66)(cid:66)(cid:66)(cid:66)(cid:66)(cid:66)(cid:66)(cid:66)(cid:66)(cid:66)(cid:66)(cid:66)(cid:66)(cid:66)(cid:66)(cid:66)(cid:66)(cid:66)(cid:66)(cid:66)(cid:66)(cid:66)
amlph,1,144.181,215.857,261.949,237.857,(cid:66)(cid:66)(cid:66)(cid:66)(cid:66)(cid:66)(cid:66)(cid:66)(cid:66)(cid:66)(cid:66)(cid:66)(cid:66)(cid:66)(cid:66)(cid:66)(cid:66)(cid:66)(cid:66)(cid:66)(cid:66)
amleml,1,328.551,215.427,513.362,237.427,(cid:66)(cid:66)(cid:66)(cid:66)(cid:66)(cid:66)(cid:66)(cid:66)(cid:66)(cid:66)(cid:66)(cid:66)(cid:66)(cid:66)(cid:66)(cid:66)(cid:66)(cid:66)(cid:66)(cid:66)(cid:66)(cid:66)(cid:66)(cid:66)(cid:66)(cid:66)(cid:66)(cid:66)(cid:66)(cid:66)(cid:66)(cid:66)(cid:66)(cid:68)(cid:80)(cid:79)(cid:72)(cid:80)(cid:79)
weename,1,200.149,186.964,508.304,208.964,(cid:66)(cid:66)(cid:66)(cid:66)(cid:66)(cid:66)(cid:66)(cid:66)(cid:66)(cid:66)(cid:66)(cid:66)(cid:66)(cid:66)(cid:66)(cid:66)(cid:66)(cid:66)(cid:66)(cid:66)(cid:66)(cid:66)(cid:66)(cid:66)(cid:66)(cid:66)(cid:66)(cid:66)(cid:66)(cid:66)(cid:66)(cid:66)(cid:66)(cid:66)(cid:66)(cid:66)(cid:66)(cid:66)(cid:66)(cid:66)(cid:66)(cid:66)(cid:66)(cid:66)(cid:66)(cid:66)(cid:66)(cid:66)(cid:66)(cid:66)(cid:66)(cid:66)(cid:66)(cid:66)(cid:66)(cid:90)(cid:72)(cid:72)(cid:81)(cid:68)(cid:80)(cid:72)
weepos,1,356.253,164.087,508.402,186.087,(cid:66)(cid:66)(cid:66)(cid:66)(cid:66)(cid:66)(cid:66)(cid:66)(cid:66)(cid:66)(cid:66)(cid:66)(cid:66)(cid:66)(cid:66)(cid:66)(cid:66)(cid:66)(cid:66)(cid:66)(cid:66)(cid:66)(cid:66)(cid:66)(cid:66)(cid:66)(cid:66)
weeph,1,144.477,140.352,262.674,162.352,(cid:66)(cid:66)(cid:66)(cid:66)(cid:66)(cid:66)(cid:66)(cid:66)(cid:66)(cid:66)(cid:66)(cid:66)(cid:66)(cid:66)(cid:66)(cid:66)(cid:66)(cid:66)(cid:66)(cid:66)(cid:66)
weeeml,1,326.367,140.683,513.757,162.683,(cid:66)(cid:66)(cid:66)(cid:66)(cid:66)(cid:66)(cid:66)(cid:66)(cid:66)(cid:66)(cid:66)(cid:66)(cid:66)(cid:66)(cid:66)(cid:66)(cid:66)(cid:66)(cid:66)(cid:66)(cid:66)(cid:66)(cid:66)(cid:66)(cid:66)(cid:66)(cid:66)(cid:66)(cid:66)(cid:66)(cid:66)(cid:66)(cid:66)(cid:90)(cid:72)(cid:72)(cid:72)(cid:80)(cid:79)
wername,1,198.395,112.219,506.979,134.219,(cid:66)(cid:66)(cid:66)(cid:66)(cid:66)(cid:66)(cid:66)(cid:66)(cid:66)(cid:66)(cid:66)(cid:66)(cid:66)(cid:66)(cid:66)(cid:66)(cid:66)(cid:66)(cid:66)(cid:66)(cid:66)(cid:66)(cid:66)(cid:66)(cid:66)(cid:66)(cid:66)(cid:66)(cid:66)(cid:66)(cid:66)(cid:66)(cid:66)(cid:66)(cid:66)(cid:66)(cid:66)(cid:66)(cid:66)(cid:66)(cid:66)(cid:66)(cid:66)(cid:66)(cid:66)(cid:66)(cid:66)(cid:66)(cid:66)(cid:66)(cid:66)(cid:66)(cid:66)(cid:66)(cid:66)
werph,1,144.343,88.4837,266.838,110.484,(cid:66)(cid:66)(cid:66)(cid:66)(cid:66)(cid:66)(cid:66)(cid:66)(cid:66)(cid:66)(cid:66)(cid:66)(cid:66)(cid:66)(cid:66)(cid:66)(cid:66)(cid:66)(cid:66)(cid:66)(cid:66)(cid:66)(cid:90)(cid:72)(cid:85)(cid:83)(cid:75)
wereml,1,328.812,88.3851,513.193,110.385,(cid:66)(cid:66)(cid:66)(cid:66)(cid:66)(cid:66)(cid:66)(cid:66)(cid:66)(cid:66)(cid:66)(cid:66)(cid:66)(cid:66)(cid:66)(cid:66)(cid:66)(cid:66)(cid:66)(cid:66)(cid:66)(cid:66)(cid:66)(cid:66)(cid:66)(cid:66)(cid:66)(cid:66)(cid:66)(cid:66)(cid:66)(cid:66)(cid:66)
p0001,2,420.742,628.607,520.029,648.458,(cid:66)(cid:66)(cid:66)(cid:66)(cid:66)(cid:66)(cid:66)(cid:66)(cid:66)(cid:66)(cid:66)(cid:66)(cid:66)(cid:66)(cid:66)(cid:66)(cid:66)(cid:83)(cid:19)(cid:19)(cid:19)(cid:20)(cid:3)
p0002,2,420.521,610.812,519.809,629.804,(cid:66)(cid:66)(cid:66)(cid:66)(cid:66)(cid:66)(cid:66)(cid:66)(cid:66)(cid:66)(cid:66)(cid:66)(cid:66)(cid:66)(cid:66)(cid:66)(cid:66)(cid:83)(cid:19)(cid:19)(cid:19)(cid:21)(cid:3)
p0003,2,420.091,593.407,519.379,612.398,(cid:17)(cid:3)(cid:66)(cid:66)(cid:66)(cid:66)(cid:66)(cid:66)(cid:66)(cid:66)(cid:66)(cid:66)(cid:66)(cid:66)(cid:66)(cid:66)(cid:66)(cid:66)(cid:66)(cid:83)(cid:19)(cid:19)(cid:19)(cid:22)
p0004,2,91.4185,527.124,536.668,544.396,(cid:66)(cid:66)(cid:66)(cid:66)(cid:66)(cid:66)(cid:66)(cid:66)(cid:66)(cid:66)(cid:66)(cid:66)(cid:66)(cid:66)(cid:66)(cid:66)(cid:66)(cid:66)(cid:66)(cid:66)(cid:66)(cid:66)(cid:66)(cid:66)(cid:66)(cid:66)(cid:66)(cid:66)(cid:66)(cid:66)(cid:66)(cid:66)(cid:66)(cid:66)(cid:66)(cid:66)(cid:66)(cid:66)(cid:66)(cid:66)(cid:66)(cid:66)(cid:66)(cid:66)(cid:66)(cid:66)(cid:66)(cid:66)(cid:66)(cid:66)(cid:66)(cid:66)(cid:66)(cid:66)(cid:66)(cid:66)(cid:66)(cid:66)(cid:66)(cid:66)(cid:66)(cid:66)(cid:66)(cid:66)(cid:66)(cid:66)(cid:66)(cid:66)(cid:66)(cid:66)(cid:66)(cid:66)(cid:66)(cid:66)(cid:66)(cid:66)(cid:66)(cid:66)(cid:66)
p0005,2,452.521,496.082,531.18,515.074,
p0006,2,452.754,477.8,531.412,496.791,
p0007a,2,106.89,409.368,195.863,428.36,(cid:66)(cid:66)(cid:66)(cid:66)(cid:66)(cid:66)(cid:66)(cid:66)(cid:66)(cid:66)(cid:66)(cid:66)(cid:66)(cid:66)(cid:66)(cid:66)(cid:83)(cid:19)(cid:19)(cid:19)(cid:26)(cid:68)
p0008a,2,107.221,393.136,196.194,412.127,(cid:66)(cid:66)(cid:66)(cid:66)(cid:66)(cid:66)(cid:66)(cid:66)(cid:66)(cid:66)(cid:66)(cid:66)(cid:66)(cid:66)(cid:66)(cid:66)(cid:83)(cid:19)(cid:19)(cid:19)(cid:27)(cid:68)
p0009a,2,107.32,375.846,196.293,394.838,(cid:66)(cid:66)(cid:66)(cid:66)(cid:66)(cid:66)(cid:66)(cid:66)(cid:66)(cid:66)(cid:66)(cid:66)(cid:66)(cid:66)(cid:66)(cid:66)(cid:83)(cid:19)(cid:19)(cid:19)(cid:28)(cid:68)
p0007b,2,250.531,409.269,351.108,428.261,(cid:66)(cid:66)(cid:66)(cid:66)(cid:66)(cid:66)(cid:66)(cid:66)(cid:66)(cid:66)(cid:66)(cid:66)(cid:66)(cid:66)(cid:66)(cid:66)(cid:66)(cid:66)(cid:83)(cid:19)(cid:19)(cid:19)(cid:26)(cid:69)
p0008b,2,250.548,391.846,351.125,410.838,(cid:66)(cid:66)(cid:66)(cid:66)(cid:66)(cid:66)(cid:66)(cid:66)(cid:66)(cid:66)(cid:66)(cid:66)(cid:66)(cid:66)(cid:66)(cid:66)(cid:66)(cid:66)(cid:83)(cid:19)(cid:19)(cid:19)(cid:27)(cid:69)
p0009b,2,250.647,374.557,351.224,393.549,(cid:66)(cid:66)(cid:66)(cid:66)(cid:66)(cid:66)(cid:66)(cid:66)(cid:66)(cid:66)(cid:66)(cid:66)(cid:66)(cid:66)(cid:66)(cid:66)(cid:66)(cid:66)(cid:83)(cid:19)(cid:19)(cid:19)(cid:28)(cid:69)
p0007c,2,394.718,410.129,512.915,429.121,(cid:66)(cid:66)(cid:66)(cid:66)(cid:66)(cid:66)(cid:66)(cid:66)(cid:66)(cid:66)(cid:66)(cid:66)(cid:66)(cid:66)(cid:66)(cid:66)(cid:66)(cid:66)(cid:66)(cid:66)(cid:66)(cid:83)(cid:19)(cid:19)(cid:19)(cid:26)(cid:70)
p0008c,2,395.165,391.846,513.362,410.838,(cid:66)(cid:66)(cid:66)(cid:66)(cid:66)(cid:66)(cid:66)(cid:66)(cid:66)(cid:66)(cid:66)(cid:66)(cid:66)(cid:66)(cid:66)(cid:66)(cid:66)(cid:66)(cid:66)(cid:66)(cid:66)(cid:83)(cid:19)(cid:19)(cid:19)(cid:27)(cid:70)
p0009c,2,394.834,374.127,513.031,393.119,(cid:66)(cid:66)(cid:66)(cid:66)(cid:66)(cid:66)(cid:66)(cid:66)(cid:66)(cid:66)(cid:66)(cid:66)(cid:66)(cid:66)(cid:66)(cid:66)(cid:66)(cid:66)(cid:66)(cid:66)(cid:66)(cid:83)(cid:19)(cid:19)(cid:19)(cid:28)(cid:70)
p00010a,2,55.8464,294.092,109.149,311.364,(cid:66)(cid:66)(cid:66)(cid:66)(cid:66)(cid:66)(cid:66)(cid:66)
p00011a,2,55.4342,267.214,108.737,284.486,(cid:66)(cid:66)(cid:66)(cid:66)(cid:66)(cid:66)(cid:66)(cid:66)
p00012a,2,55.9627,240.899,109.265,258.172,(cid:66)(cid:66)(cid:66)(cid:66)(cid:66)(cid:66)(cid:66)(cid:66)
p00013a,2,55.6315,214.155,108.934,231.428,(cid:66)(cid:66)(cid:66)(cid:66)(cid:66)(cid:66)(cid:66)(cid:66)
p00014a,2,55.3004,189.13,108.603,206.403,(cid:66)(cid:66)(cid:66)(cid:66)(cid:66)(cid:66)(cid:66)(cid:66)
p00015a,2,54.9692,162.816,108.272,180.088,(cid:66)(cid:66)(cid:66)(cid:66)(cid:66)(cid:66)(cid:66)(cid:66)
p00016a,2,55.4976,136.501,108.8,153.774,(cid:66)(cid:66)(cid:66)(cid:66)(cid:66)(cid:66)(cid:66)(cid:66)
p00010b,2,113.185,292.838,171.645,310.11,(cid:66)(cid:66)(cid:66)(cid:66)(cid:66)(cid:66)(cid:66)(cid:66)(cid:66)
p00011b,2,113.023,266.784,171.483,284.057,(cid:66)(cid:66)(cid:66)(cid:66)(cid:66)(cid:66)(cid:66)(cid:66)(cid:66)
p00012b,2,113.122,240.47,171.581,257.742,(cid:66)(cid:66)(cid:66)(cid:66)(cid:66)(cid:66)(cid:66)(cid:66)(cid:66)
p00013b,2,113.22,215.015,171.68,232.287,(cid:66)(cid:66)(cid:66)(cid:66)(cid:66)(cid:66)(cid:66)(cid:66)(cid:66)
p00014b,2,112.889,188.271,171.349,205.543,(cid:66)(cid:66)(cid:66)(cid:66)(cid:66)(cid:66)(cid:66)(cid:66)(cid:66)
p00015b,2,112.988,162.816,171.447,180.088,(cid:66)(cid:66)(cid:66)(cid:66)(cid:66)(cid:66)(cid:66)(cid:66)(cid:66)
p00016b,2,112.657,136.501,171.116,153.774,(cid:66)(cid:66)(cid:66)(cid:66)(cid:66)(cid:66)(cid:66)(cid:66)(cid:66)
p00010c,2,177.22,293.268,219.779,310.11,(cid:66)(cid:66)(cid:66)(cid:66)(cid:66)(cid:66)(cid:66)
p00011c,2,177.273,266.999,219.831,283.842,(cid:66)(cid:66)(cid:66)(cid:66)(cid:66)(cid:66)(cid:66)
p00012c,2,176.512,240.685,219.071,257.527,(cid:66)(cid:66)(cid:66)(cid:66)(cid:66)(cid:66)(cid:66)
p00013c,2,177.041,214.37,219.599,231.213,(cid:66)(cid:66)(cid:66)(cid:66)(cid:66)(cid:66)(cid:66)
p00014c,2,176.71,188.485,219.268,205.328,(cid:66)(cid:66)(cid:66)(cid:66)(cid:66)(cid:66)(cid:66)
p00015c,2,177.668,163.031,220.226,179.873,(cid:66)(cid:66)(cid:66)(cid:66)(cid:66)(cid:66)(cid:66)
p00016c,2,177.336,136.716,219.895,153.559,(cid:66)(cid:66)(cid:66)(cid:66)(cid:66)(cid:66)(cid:66)
p00010d,2,226.429,293.482,268.987,310.325,(cid:66)(cid:66)(cid:66)(cid:66)(cid:66)(cid:66)
p00011d,2,225.837,266.999,268.395,283.842,(cid:66)(cid:66)(cid:66)(cid:66)(cid:66)(cid:66)
p00012d,2,225.935,241.114,268.494,257.957,(cid:66)(cid:66)(cid:66)(cid:66)(cid:66)(cid:66)
p00013d,2,226.464,214.37,269.022,231.213,(cid:66)(cid:66)(cid:66)(cid:66)(cid:66)(cid:66)
p00014d,2,227.422,188.486,269.98,205.328,(cid:66)(cid:66)(cid:66)(cid:66)(cid:66)(cid:66)
p00015d,2,226.231,162.601,268.79,179.444,(cid:66)(cid:66)(cid:66)(cid:66)(cid:66)(cid:66)
p00016d,2,226.76,136.716,269.318,153.559,(cid:66)(cid:66)(cid:66)(cid:66)(cid:66)(cid:66)
p00010e,2,274.562,293.053,312.393,309.895,(cid:66)(cid:66)(cid:66)(cid:66)(cid:66)
p00011e,2,274.186,266.999,312.016,283.842,(cid:66)(cid:66)(cid:66)(cid:66)(cid:66)
p00012e,2,275.144,241.114,312.975,257.957,(cid:66)(cid:66)(cid:66)(cid:66)(cid:66)
p00013e,2,275.242,214.37,313.073,231.213,(cid:66)(cid:66)(cid:66)(cid:66)(cid:66)
p00014e,2,274.052,188.056,311.883,204.898,(cid:66)(cid:66)(cid:66)(cid:66)(cid:66)
p00015e,2,274.58,162.601,312.411,179.444,(cid:66)(cid:66)(cid:66)(cid:66)(cid:66)
p00016e,2,275.108,136.286,312.939,153.129,(cid:66)(cid:66)(cid:66)(cid:66)(cid:66)
p00010f,2,317.324,293.053,383.09,309.895,(cid:66)(cid:66)(cid:66)(cid:66)(cid:66)(cid:66)(cid:66)(cid:66)(cid:66)(cid:66)(cid:66)
p00011f,2,317.377,266.999,383.143,283.842,(cid:66)(cid:66)(cid:66)(cid:66)(cid:66)(cid:66)(cid:66)(cid:66)(cid:66)(cid:66)(cid:66)
p00012f,2,317.046,241.114,382.812,257.957,(cid:66)(cid:66)(cid:66)(cid:66)(cid:66)(cid:66)(cid:66)(cid:66)(cid:66)(cid:66)(cid:66)
p00013f,2,315.855,215.23,381.621,232.072,(cid:66)(cid:66)(cid:66)(cid:66)(cid:66)(cid:66)(cid:66)(cid:66)(cid:66)(cid:66)(cid:66)
p00014f,2,316.813,188.915,382.579,205.758,(cid:66)(cid:66)(cid:66)(cid:66)(cid:66)(cid:66)(cid:66)(cid:66)(cid:66)(cid:66)(cid:66)
p00015f,2,316.912,162.601,382.678,179.444,(cid:66)(cid:66)(cid:66)(cid:66)(cid:66)(cid:66)(cid:66)(cid:66)(cid:66)(cid:66)(cid:66)
p00016f,2,317.011,136.286,382.776,153.129,(cid:66)(cid:66)(cid:66)(cid:66)(cid:66)(cid:66)(cid:66)(cid:66)(cid:66)(cid:66)(cid:66)
p00010g,2,389.74,292.623,455.506,309.466,(cid:66)(cid:66)(cid:66)(cid:66)(cid:66)(cid:66)(cid:66)(cid:66)(cid:66)(cid:66)(cid:66)
p00011g,2,390.867,266.999,456.633,283.842,(cid:66)(cid:66)(cid:66)(cid:66)(cid:66)(cid:66)(cid:66)(cid:66)(cid:66)(cid:66)(cid:66)
p00012g,2,389.677,241.114,455.442,257.957,(cid:66)(cid:66)(cid:66)(cid:66)(cid:66)(cid:66)(cid:66)(cid:66)(cid:66)(cid:66)(cid:66)
p00013g,2,389.775,214.37,455.541,231.213,(cid:66)(cid:66)(cid:66)(cid:66)(cid:66)(cid:66)(cid:66)(cid:66)(cid:66)(cid:66)(cid:66)
p00014g,2,390.733,188.056,456.499,204.898,(cid:66)(cid:66)(cid:66)(cid:66)(cid:66)(cid:66)(cid:66)(cid:66)(cid:66)(cid:66)(cid:66)
p00015g,2,390.402,163.46,456.168,180.303,(cid:66)(cid:66)(cid:66)(cid:66)(cid:66)(cid:66)(cid:66)(cid:66)(cid:66)(cid:66)(cid:66)
p00016g,2,390.501,136.716,456.267,153.559,(cid:66)(cid:66)(cid:66)(cid:66)(cid:66)(cid:66)(cid:66)(cid:66)(cid:66)(cid:66)(cid:66)
p00010h,2,464.519,291.763,562.088,309.466,(cid:66)(cid:66)(cid:66)(cid:66)(cid:66)(cid:66)(cid:66)(cid:66)(cid:66)(cid:66)(cid:66)(cid:66)(cid:66)(cid:66)(cid:66)(cid:66)(cid:66)
p00011h,2,464.787,266.569,562.356,284.271,(cid:66)(cid:66)(cid:66)(cid:66)(cid:66)(cid:66)(cid:66)(cid:66)(cid:66)(cid:66)(cid:66)(cid:66)(cid:66)(cid:66)(cid:66)(cid:66)(cid:66)
p00012h,2,465.316,241.114,562.884,258.817,(cid:66)(cid:66)(cid:66)(cid:66)(cid:66)(cid:66)(cid:66)(cid:66)(cid:66)(cid:66)(cid:66)(cid:66)(cid:66)(cid:66)(cid:66)(cid:66)(cid:66)
p00013h,2,464.555,214.37,562.123,232.072,(cid:66)(cid:66)(cid:66)(cid:66)(cid:66)(cid:66)(cid:66)(cid:66)(cid:66)(cid:66)(cid:66)(cid:66)(cid:66)(cid:66)(cid:66)(cid:66)(cid:66)
p00014h,2,465.083,188.485,562.651,206.188,(cid:66)(cid:66)(cid:66)(cid:66)(cid:66)(cid:66)(cid:66)(cid:66)(cid:66)(cid:66)(cid:66)(cid:66)(cid:66)(cid:66)(cid:66)(cid:66)(cid:66)
p00015h,2,465.182,162.601,562.75,180.303,(cid:66)(cid:66)(cid:66)(cid:66)(cid:66)(cid:66)(cid:66)(cid:66)(cid:66)(cid:66)(cid:66)(cid:66)(cid:66)(cid:66)(cid:66)(cid:66)(cid:66)
p00016h,2,464.85,136.716,562.419,154.419,(cid:66)(cid:66)(cid:66)(cid:66)(cid:66)(cid:66)(cid:66)(cid:66)(cid:66)(cid:66)(cid:66)(cid:66)(cid:66)(cid:66)(cid:66)(cid:66)(cid:66)
p00017,2,453.345,100.087,513.954,117.79,(cid:17)(cid:17)(cid:17)(cid:17)(cid:17)(cid:83)(cid:19)(cid:19)(cid:20)(cid:26)(cid:66)(cid:66)(cid:66)(cid:66)(cid:66)(cid:66)(cid:66)(cid:66)(cid:66)(cid:66)(cid:66)(cid:71)(cid:82)(cid:93)(cid:72)(cid:81)
p00018,2,453.183,82.629,513.792,100.331,(cid:17)(cid:17)(cid:17)(cid:17)(cid:17)(cid:17)(cid:17)(cid:17)(cid:17)(cid:17)(cid:17)(cid:17)(cid:17)(cid:17)(cid:17)(cid:17)(cid:17)(cid:17)(cid:83)(cid:19)(cid:19)(cid:20)(cid:27)(cid:66)(cid:66)(cid:66)(cid:66)(cid:66)(cid:66)(cid:66)(cid:66)(cid:66)(cid:66)(cid:66)(cid:71)(cid:82)(cid:93)(cid:72)(cid:81)
p00020a,3,261.24,668.239,534.583,685.942,(cid:66)(cid:66)(cid:66)(cid:66)(cid:66)(cid:66)(cid:66)(cid:66)(cid:66)(cid:66)(cid:66)(cid:66)(cid:66)(cid:66)(cid:66)(cid:66)(cid:66)(cid:66)(cid:66)(cid:66)(cid:66)(cid:66)(cid:66)(cid:66)(cid:66)(cid:66)(cid:66)(cid:66)(cid:66)(cid:66)(cid:66)(cid:66)(cid:66)(cid:66)(cid:66)(cid:66)(cid:66)(cid:66)(cid:66)(cid:66)(cid:66)(cid:66)(cid:66)(cid:66)(cid:66)(cid:66)(cid:66)(cid:66)(cid:66)
p00021a,3,107.866,613.391,540.652,632.382,(cid:66)(cid:66)(cid:66)(cid:66)(cid:66)(cid:66)(cid:66)(cid:66)(cid:66)(cid:66)(cid:66)(cid:66)(cid:66)(cid:66)(cid:66)(cid:66)(cid:66)(cid:66)(cid:66)(cid:66)(cid:66)(cid:66)(cid:66)(cid:66)(cid:66)(cid:66)(cid:66)(cid:66)(cid:66)(cid:66)(cid:66)(cid:66)(cid:66)(cid:66)(cid:66)(cid:66)(cid:66)(cid:66)(cid:66)(cid:66)(cid:66)(cid:66)(cid:66)(cid:66)(cid:66)(cid:66)(cid:66)(cid:66)(cid:66)(cid:66)(cid:66)(cid:66)(cid:66)(cid:66)(cid:66)(cid:66)(cid:66)(cid:66)(cid:66)(cid:66)(cid:66)(cid:66)(cid:66)(cid:66)(cid:66)(cid:66)(cid:66)(cid:66)(cid:66)(cid:66)(cid:66)(cid:66)(cid:66)(cid:66)(cid:66)(cid:66)
p0019,3,465.437,708.675,520.133,719.799,(cid:134) (cid:134) (cid:60)(cid:72)(cid:86) (cid:20)
p0020,3,465.646,688.018,520.342,699.142,(cid:134) (cid:134) (cid:60)(cid:72)(cid:86) (cid:20)
p0021,3,465.646,650.913,520.342,662.036,(cid:134) (cid:134) (cid:60)(cid:72)(cid:86) (cid:20)
p0022,3,465.646,596.913,520.342,608.036,(cid:134) (cid:134) (cid:60)(cid:72)(cid:86) (cid:20)
p0100na,3,514.787,478.75,527.201,490.304,
p0100off,3,456.787,478.75,469.201,490.304,(cid:134)
p0100on,3,187.378,478.75,199.791,490.304,(cid:134) (cid:20)
p0100oth,3,353.692,475.866,393.242,493.568,
p0100a,3,391.181,457.717,496.485,475.419,
p0100b,3,406.867,440.956,536.668,459.088,
p0100c,3,289.326,423.98,537.313,442.112,(cid:66)(cid:66)(cid:66)(cid:66)(cid:66)(cid:66)(cid:66)(cid:66)(cid:66)(cid:66)(cid:66)(cid:66)(cid:66)(cid:66)(cid:66)(cid:66)(cid:66)(cid:66)(cid:66)(cid:66)(cid:66)(cid:66)(cid:66)(cid:66)(cid:66)(cid:66)(cid:66)(cid:66)(cid:66)(cid:66)(cid:66)(cid:66)(cid:66)(cid:66)(cid:66)(cid:66)(cid:66)(cid:66)(cid:66)(cid:66)(cid:66)(cid:66)(cid:66)(cid:66)
p0101on,3,187.083,406.512,199.496,418.066,(cid:134)
p0102on,3,186.787,335.48,199.201,347.033,(cid:134)
p0101oth,3,354.122,404.954,393.672,422.656,
p0102oth,3,353.219,333.405,392.769,351.108,
p0101off,3,456.492,406.512,468.905,418.066,(cid:134)
p0101na,3,515.492,406.512,527.905,418.066,
p0101a,3,367.66,386.904,496.171,404.606,
p0101b,3,384.636,369.069,533.776,387.201,(cid:66)(cid:66)(cid:66)(cid:66)(cid:66)(cid:66)(cid:66)(cid:66)(cid:66)(cid:66)(cid:66)(cid:66)(cid:66)(cid:66)(cid:66)(cid:66)(cid:66)(cid:66)(cid:66)(cid:66)(cid:66)(cid:66)(cid:66)(cid:66)(cid:66)(cid:66)(cid:66)
p0101c,3,289.442,352.308,537.429,370.44,(cid:66)(cid:66)(cid:66)(cid:66)(cid:66)(cid:66)(cid:66)(cid:66)(cid:66)(cid:66)(cid:66)(cid:66)(cid:66)(cid:66)(cid:66)(cid:66)(cid:66)(cid:66)(cid:66)(cid:66)(cid:66)(cid:66)(cid:66)(cid:66)(cid:66)(cid:66)(cid:66)(cid:66)(cid:66)(cid:66)(cid:66)(cid:66)(cid:66)(cid:66)(cid:66)(cid:66)(cid:66)(cid:66)(cid:66)(cid:66)(cid:66)(cid:66)(cid:66)(cid:66)
p0102off,3,456.787,335.48,469.201,347.033,(cid:134)
p0102na,3,514.787,335.48,527.201,347.033,
p0103na,3,245.787,262.593,258.201,274.147,
p0104na,3,245.787,190.593,258.201,202.147,
p0103off,3,186.787,262.593,199.201,274.147,(cid:134)
p0102a,3,391.297,315.133,499.61,332.835,
p0102b,3,384.851,297.727,533.991,315.859,
p0102c,3,288.583,280.107,536.57,298.239,(cid:66)(cid:66)(cid:66)(cid:66)(cid:66)(cid:66)(cid:66)(cid:66)(cid:66)(cid:66)(cid:66)(cid:66)(cid:66)(cid:66)(cid:66)(cid:66)(cid:66)(cid:66)(cid:66)(cid:66)(cid:66)(cid:66)(cid:66)(cid:66)(cid:66)(cid:66)(cid:66)(cid:66)(cid:66)(cid:66)(cid:66)(cid:66)(cid:66)(cid:66)(cid:66)(cid:66)(cid:66)(cid:66)(cid:66)(cid:66)(cid:66)(cid:66)(cid:66)(cid:66)
p0103a,3,390.652,243.792,498.965,261.494,
p0104a,3,390.223,171.591,498.535,189.293,
p0103b,3,334.138,225.526,535.71,243.659,
p0103c,3,288.583,207.906,536.57,226.038,(cid:66)(cid:66)(cid:66)(cid:66)(cid:66)(cid:66)(cid:66)(cid:66)(cid:66)(cid:66)(cid:66)(cid:66)(cid:66)(cid:66)(cid:66)(cid:66)(cid:66)(cid:66)(cid:66)(cid:66)(cid:66)(cid:66)(cid:66)(cid:66)(cid:66)(cid:66)(cid:66)(cid:66)(cid:66)(cid:66)(cid:66)(cid:66)(cid:66)(cid:66)(cid:66)(cid:66)(cid:66)(cid:66)(cid:66)(cid:66)(cid:66)(cid:66)(cid:66)(cid:66)
p0104c,3,288.583,136.994,536.57,155.127,(cid:66)(cid:66)(cid:66)(cid:66)(cid:66)(cid:66)(cid:66)(cid:66)(cid:66)(cid:66)(cid:66)(cid:66)(cid:66)(cid:66)(cid:66)(cid:66)(cid:66)(cid:66)(cid:66)(cid:66)(cid:66)(cid:66)(cid:66)(cid:66)(cid:66)(cid:66)(cid:66)(cid:66)(cid:66)(cid:66)(cid:66)(cid:66)(cid:66)(cid:66)(cid:66)(cid:66)(cid:66)(cid:66)(cid:66)(cid:66)(cid:66)(cid:66)(cid:66)(cid:66)
p0105,3,200.051,119.374,536.57,137.506,(cid:66)(cid:66)(cid:66)(cid:66)(cid:66)(cid:66)(cid:66)(cid:66)(cid:66)(cid:66)(cid:66)(cid:66)(cid:66)(cid:66)(cid:66)(cid:66)(cid:66)(cid:66)(cid:66)(cid:66)(cid:66)(cid:66)(cid:66)(cid:66)(cid:66)(cid:66)(cid:66)(cid:66)(cid:66)(cid:66)(cid:66)(cid:66)(cid:66)(cid:66)(cid:66)(cid:66)(cid:66)(cid:66)(cid:66)(cid:66)(cid:66)(cid:66)(cid:66)(cid:66)(cid:66)(cid:66)(cid:66)(cid:66)(cid:66)(cid:66)(cid:66)(cid:66)(cid:66)(cid:66)(cid:66)(cid:66)(cid:66)(cid:66)(cid:66)(cid:66)
p0106,3,465.646,103.293,520.342,114.417,(cid:134) (cid:134) (cid:60)(cid:72)(cid:86) (cid:20)
p0106a,4,465.646,707.913,520.342,719.036,(cid:134) (cid:134) (cid:60)(cid:72)(cid:86) (cid:20)
p0104b,3,323.394,153.755,535.28,171.887,(cid:38)(cid:82)(cid:80)(cid:83)(cid:68)(cid:81)(cid:92)(cid:81)(cid:68)(cid:80)(cid:72)(cid:3)(cid:68)(cid:81)(cid:71)(cid:3)(cid:79)(cid:82)(cid:70)(cid:68)(cid:87)(cid:76)(cid:82)(cid:81)(cid:3)(cid:82)(cid:73)(cid:79)(cid:68)(cid:81)(cid:71)(cid:73)(cid:76)(cid:79)(cid:79)(cid:29)(cid:83)(cid:19)(cid:20)(cid:19)(cid:23)(cid:69)(cid:66)(cid:66)(cid:66)(cid:66)(cid:66)(cid:66)(cid:66)(cid:66)(cid:66)(cid:66)(cid:66)(cid:66)(cid:66)(cid:66)(cid:66)(cid:66)(cid:66)(cid:66)(cid:66)(cid:66)(cid:66)(cid:66)(cid:66)(cid:66)(cid:66)(cid:66)(cid:66)(cid:66)(cid:66)(cid:66)(cid:66)(cid:66)(cid:66)(cid:66)(cid:66)(cid:66)(cid:66)(cid:66)
p0106b,4,460.06,688.385,514.651,706.517,(cid:17)(cid:17)(cid:17)(cid:17)(cid:17)(cid:17)(cid:83)(cid:19)(cid:20)(cid:19)(cid:25)(cid:69)(cid:66)(cid:66)(cid:66)(cid:66)(cid:66)(cid:66)(cid:66)(cid:66)(cid:66)(cid:66)
p0106c,4,466.439,671.178,521.135,682.302,(cid:134) (cid:134) (cid:60)(cid:72)(cid:86) (cid:20) (cid:22)
p0107,4,108.874,633.171,536.933,651.733,(cid:66)(cid:66)(cid:66)(cid:66)(cid:66)(cid:66)(cid:66)(cid:66)(cid:66)(cid:66)(cid:66)(cid:66)(cid:66)(cid:66)(cid:66)(cid:66)(cid:66)(cid:66)(cid:66)(cid:66)(cid:66)(cid:66)(cid:66)(cid:66)(cid:66)(cid:66)(cid:66)(cid:66)(cid:66)(cid:66)(cid:66)(cid:66)(cid:66)(cid:66)(cid:66)(cid:66)(cid:66)(cid:66)(cid:66)(cid:66)(cid:66)(cid:66)(cid:66)(cid:66)(cid:66)(cid:66)(cid:66)(cid:66)(cid:66)(cid:66)(cid:66)(cid:66)(cid:66)(cid:66)(cid:66)(cid:66)(cid:66)(cid:66)(cid:66)(cid:66)(cid:66)(cid:66)(cid:66)(cid:66)(cid:66)(cid:66)(cid:66)(cid:66)(cid:66)(cid:66)(cid:66)(cid:66)(cid:66)(cid:66)(cid:66)(cid:66)
p0108,4,109.585,597.06,537.214,617.341,(cid:66)(cid:66)(cid:66)(cid:66)(cid:66)(cid:66)(cid:66)(cid:66)(cid:66)(cid:66)(cid:66)(cid:66)(cid:66)(cid:66)(cid:66)(cid:66)(cid:66)(cid:66)(cid:66)(cid:66)(cid:66)(cid:66)(cid:66)(cid:66)(cid:66)(cid:66)(cid:66)(cid:66)(cid:66)(cid:66)(cid:66)(cid:66)(cid:66)(cid:66)(cid:66)(cid:66)(cid:66)(cid:66)(cid:66)(cid:66)(cid:66)(cid:66)(cid:66)(cid:66)(cid:66)(cid:66)(cid:66)(cid:66)(cid:66)(cid:66)(cid:66)(cid:66)(cid:66)(cid:66)(cid:66)(cid:66)(cid:66)(cid:66)(cid:66)(cid:66)(cid:66)(cid:66)(cid:66)(cid:66)(cid:66)(cid:66)(cid:66)(cid:66)(cid:66)(cid:66)(cid:66)(cid:66)(cid:66)(cid:66)(cid:66)(cid:66)
p0109,4,52.5245,474.048,176.739,505.073,(cid:66)(cid:66)(cid:66)(cid:66)(cid:66)(cid:66)(cid:66)(cid:66)(cid:66)(cid:66)(cid:66)(cid:66)(cid:66)(cid:66)(cid:66)(cid:66)(cid:66)(cid:66)(cid:66)(cid:66)(cid:66)
p0110,4,52.211,433.534,176.425,464.559,(cid:66)(cid:66)(cid:66)(cid:66)(cid:66)(cid:66)(cid:66)(cid:66)(cid:66)(cid:66)(cid:66)(cid:66)(cid:66)(cid:66)(cid:66)(cid:66)(cid:66)(cid:66)(cid:66)(cid:66)(cid:66)
p0111,4,52.7393,392.607,176.953,423.632,(cid:66)(cid:66)(cid:66)(cid:66)(cid:66)(cid:66)(cid:66)(cid:66)(cid:66)(cid:66)(cid:66)(cid:66)(cid:66)(cid:66)(cid:66)(cid:66)(cid:66)(cid:66)(cid:66)(cid:66)(cid:66)
p0109a,4,183.487,484.049,266.014,503.9,(cid:66)(cid:66)(cid:66)(cid:66)(cid:66)(cid:66)(cid:66)(cid:66)(cid:66)(cid:66)(cid:66)(cid:66)(cid:66)(cid:66)
p0110a,4,183.505,444.278,266.031,464.129,(cid:66)(cid:66)(cid:66)(cid:66)(cid:66)(cid:66)(cid:66)(cid:66)(cid:66)(cid:66)(cid:66)(cid:66)(cid:66)(cid:66)
p0109b,4,273.332,484.056,354.787,504.056,Select or Type (cid:66)(cid:66)(cid:66)(cid:66)(cid:66)(cid:66)(cid:66)(cid:66)(cid:66)(cid:66)(cid:66)(cid:66)(cid:66)(cid:66)
p0110b,4,273.862,443.344,355.317,463.344,Select or Type (cid:66)(cid:66)(cid:66)(cid:66)(cid:66)(cid:66)(cid:66)(cid:66)(cid:66)(cid:66)(cid:66)(cid:66)(cid:66)(cid:66)
p0111b,4,273.961,402.417,355.415,422.417,Select or Type (cid:66)(cid:66)(cid:66)(cid:66)(cid:66)(cid:66)(cid:66)(cid:66)(cid:66)(cid:66)(cid:66)(cid:66)(cid:66)(cid:66)
p0109d,4,453.646,468.641,465.629,504.765,(cid:134) (cid:134) (cid:134)
p0110d,4,454.002,428.141,465.986,464.265,(cid:134) (cid:134) (cid:134)
p0111d,4,454.002,388.141,465.986,424.265,(cid:134) (cid:134) (cid:134)
p0111a,4,183.174,402.492,265.7,422.343,(cid:66)(cid:66)(cid:66)(cid:66)(cid:66)(cid:66)(cid:66)(cid:66)(cid:66)(cid:66)(cid:66)(cid:66)(cid:66)(cid:66)
p0113,4,465.646,321.725,520.342,332.848,(cid:134) (cid:134) (cid:60)(cid:72)(cid:86) (cid:20)
p0114,4,465.646,301.725,520.342,312.848,(cid:134) (cid:134) (cid:60)(cid:72)(cid:86) (cid:20)
p0115,4,465.646,264.725,520.342,275.848,(cid:134) (cid:134) (cid:60)(cid:72)(cid:86) (cid:20)
p0120,4,465.646,75.8382,520.342,86.9619,(cid:134) (cid:134) (cid:60)(cid:72)(cid:86) (cid:20)
p0112,4,490.358,355.746,516.156,375.597,
p0116,4,95.4025,190.715,260.015,207.558,(cid:66)(cid:66)(cid:66)(cid:66)(cid:66)(cid:66)(cid:66)(cid:66)(cid:66)(cid:66)(cid:66)(cid:66)(cid:66)(cid:66)(cid:66)(cid:66)(cid:66)(cid:66)(cid:66)(cid:66)(cid:66)(cid:66)(cid:66)(cid:66)(cid:66)(cid:66)(cid:66)(cid:66)(cid:66)
p0117,4,95.6174,164.714,260.23,181.557,(cid:66)(cid:66)(cid:66)(cid:66)(cid:66)(cid:66)(cid:66)(cid:66)(cid:66)(cid:66)(cid:66)(cid:66)(cid:66)(cid:66)(cid:66)(cid:66)(cid:66)(cid:66)(cid:66)(cid:66)(cid:66)(cid:66)(cid:66)(cid:66)(cid:66)(cid:66)(cid:66)(cid:66)(cid:66)
p0118,4,97.0053,139.26,261.617,156.102,(cid:66)(cid:66)(cid:66)(cid:66)(cid:66)(cid:66)(cid:66)(cid:66)(cid:66)(cid:66)(cid:66)(cid:66)(cid:66)(cid:66)(cid:66)(cid:66)(cid:66)(cid:66)(cid:66)(cid:66)(cid:66)(cid:66)(cid:66)(cid:66)(cid:66)(cid:66)(cid:66)(cid:66)(cid:66)
p0119,4,95.8147,112.515,260.427,129.358,(cid:66)(cid:66)(cid:66)(cid:66)(cid:66)(cid:66)(cid:66)(cid:66)(cid:66)(cid:66)(cid:66)(cid:66)(cid:66)(cid:66)(cid:66)(cid:66)(cid:66)(cid:66)(cid:66)(cid:66)(cid:66)(cid:66)(cid:66)(cid:66)(cid:66)(cid:66)(cid:66)(cid:66)(cid:66)
p0116a,4,269.969,191.924,468.103,207.477,(cid:66)(cid:66)(cid:66)(cid:66)(cid:66)(cid:66)(cid:66)(cid:66)(cid:66)(cid:66)(cid:66)(cid:66)(cid:66)(cid:66)(cid:66)(cid:66)(cid:66)(cid:66)(cid:66)(cid:66)(cid:66)(cid:66)(cid:66)(cid:66)(cid:66)(cid:66)(cid:66)(cid:66)(cid:66)(cid:66)(cid:66)(cid:66)(cid:66)(cid:66)(cid:66)
p0117a,4,269.673,165.359,467.807,180.913,(cid:66)(cid:66)(cid:66)(cid:66)(cid:66)(cid:66)(cid:66)(cid:66)(cid:66)(cid:66)(cid:66)(cid:66)(cid:66)(cid:66)(cid:66)(cid:66)(cid:66)(cid:66)(cid:66)(cid:66)(cid:66)(cid:66)(cid:66)(cid:66)(cid:66)(cid:66)(cid:66)(cid:66)(cid:66)(cid:66)(cid:66)(cid:66)(cid:66)(cid:66)(cid:66)
p0118a,4,270.201,139.045,468.335,154.598,(cid:66)(cid:66)(cid:66)(cid:66)(cid:66)(cid:66)(cid:66)(cid:66)(cid:66)(cid:66)(cid:66)(cid:66)(cid:66)(cid:66)(cid:66)(cid:66)(cid:66)(cid:66)(cid:66)(cid:66)(cid:66)(cid:66)(cid:66)(cid:66)(cid:66)(cid:66)(cid:66)(cid:66)(cid:66)(cid:66)(cid:66)(cid:66)(cid:66)(cid:66)(cid:66)
p0119a,4,270.3,112.73,468.434,128.284,(cid:66)(cid:66)(cid:66)(cid:66)(cid:66)(cid:66)(cid:66)(cid:66)(cid:66)(cid:66)(cid:66)(cid:66)(cid:66)(cid:66)(cid:66)(cid:66)(cid:66)(cid:66)(cid:66)(cid:66)(cid:66)(cid:66)(cid:66)(cid:66)(cid:66)(cid:66)(cid:66)(cid:66)(cid:66)(cid:66)(cid:66)(cid:66)(cid:66)(cid:66)(cid:66)
p0116b,4,475.827,191.279,535.576,206.832,(cid:66)(cid:66)(cid:66)(cid:66)(cid:66)(cid:66)(cid:66)(cid:66)(cid:66)(cid:66)
p0117b,4,475.961,164.929,535.71,180.483,(cid:66)(cid:66)(cid:66)(cid:66)(cid:66)(cid:66)(cid:66)(cid:66)(cid:66)(cid:66)
p0118b,4,476.06,139.045,535.809,154.598,(cid:66)(cid:66)(cid:66)(cid:66)(cid:66)(cid:66)(cid:66)(cid:66)(cid:66)(cid:66)
p0119b,4,476.158,112.73,535.907,128.284,(cid:66)(cid:66)(cid:66)(cid:66)(cid:66)(cid:66)(cid:66)(cid:66)(cid:66)(cid:66)
p0127,5,465.646,249.838,520.342,260.962,(cid:134) (cid:134) Yes 1
p0124,5,472.646,416.215,520.342,427.338,(cid:134) (cid:134) Yes 1
p0122,5,465.646,621.621,520.342,632.745,(cid:134) (cid:134) Yes 1
p0121,5,110.955,691.098,536.006,706.651,____________________________________________________________________________
p0123,5,94.3281,549.141,259.8,565.124,_____________________________
p0123a,5,271.258,549.06,467.243,565.473,___________________________________
p0123b,5,477.331,547.985,535.791,565.258,__________
p0104off,3,186.787,190.593,199.201,202.147,(cid:134)
p0125a,5,105.787,379.593,118.201,391.147,(cid:134)
p0123i,5,94.9552,470.941,260.427,486.924,_____________________________
p0126,5,110.659,284.619,535.71,318.223,____________________________________________________________________________ ____________________________________________________________________________
p0125b,5,105.787,359.448,118.201,371.002,(cid:134)
p0125c,5,105.787,339.448,118.201,351.002,(cid:134)
p0125d,5,213.787,378.448,226.201,390.002,(cid:134)
p0125e,5,213.787,359.448,226.201,371.002,(cid:134)
p0125f,5,213.787,339.448,226.201,351.002,(cid:134) f
p0125g,5,321.787,379.448,334.201,391.002,(cid:134)
p0132a,6,105.787,691.593,118.201,703.147,(cid:134)
p0132b,6,105.787,671.448,118.201,683.002,(cid:134)
p0132c,6,105.787,651.448,118.201,663.002,(cid:134)
p0132d,6,213.787,690.448,226.201,702.002,(cid:134)
p0132e,6,213.787,671.448,226.201,683.002,(cid:134)
p0132f,6,213.787,651.448,226.201,663.002,(cid:134) f
p0132g,6,321.787,691.448,334.201,703.002,(cid:134)
p0123c,5,94.7579,522.71,260.23,538.693,_____________________________
p0123f,5,95.2863,496.826,260.758,512.809,_____________________________
p0123d,5,269.458,522.495,465.443,538.908,__________________________________
p0123g,5,269.127,496.181,465.112,512.594,__________________________________
p0123j,5,269.226,470.296,465.211,486.709,__________________________________
p0123e,5,477.035,522.495,535.495,539.768,__________
p0123h,5,477.564,496.181,536.024,513.453,__________
p0123k,5,476.803,470.296,535.263,487.569,__________
p0128,5,94.1537,176.475,152.613,193.747,__________
p0129,5,94.4849,149.928,152.945,167.201,__________
p0130,5,94.3863,124.67,152.846,141.943,__________
p0131a,5,162.272,98.0425,281.758,114.885,_____________________
p0130a,5,162.876,124.531,282.362,141.374,_____________________
p0129a,5,162.975,150.219,282.461,167.061,_____________________
p0128a,5,163.503,176.765,282.99,193.608,_____________________
p0131b,5,293.136,98.2572,534.246,114.67,___________________________________________
p0130b,5,292.88,124.316,533.991,140.729,___________________________________________
p0129b,5,292.979,150.433,534.09,166.846,___________________________________________
p0128b,5,293.078,176.121,534.188,192.534,___________________________________________
p0133,6,174.359,484.838,186.629,508.962,(cid:134) (cid:134)
p0131,5,94.6822,98.1587,153.142,115.431,__________
p0133a,6,238.654,481.94,297.114,508.238,__________
p0133c,6,444.859,484.653,457.129,508.777,(cid:134) (cid:134)
p0133b,6,303.84,482.312,437.508,508.61,_______________________
p0134,6,174.859,449.102,187.13,473.226,(cid:134) (cid:134)
p0134a,6,239.155,446.204,297.614,472.502,__________
p0134b,6,304.34,446.576,438.009,472.874,_______________________
p0134c,6,445.359,448.917,457.63,473.041,(cid:134) 1 (cid:134) 3
p0135,6,174.859,414.102,187.13,438.226,(cid:134) (cid:134)
p0135a,6,239.155,411.204,297.614,437.502,__________
p0135b,6,304.34,411.576,438.009,437.874,_______________________
p0135c,6,445.359,413.917,457.63,438.041,(cid:134) 1 (cid:134) 3
p0136,6,174.859,378.844,187.13,402.968,(cid:134) (cid:134)
p0136a,6,239.155,375.947,297.614,402.244,__________
p0136b,6,304.34,376.318,438.009,402.616,_______________________
p0136c,6,445.359,378.659,457.63,402.783,(cid:134) 1 (cid:134) 3
p0137,6,174.859,343.587,187.13,367.71,(cid:134) (cid:134)
p0137a,6,239.155,340.689,297.614,366.987,__________
p0137b,6,304.34,341.061,438.009,367.358,_______________________
p0137c,6,445.359,343.402,457.63,367.525,(cid:134) 1 (cid:134) 3
p0138,6,174.859,308.329,187.13,332.453,(cid:134) (cid:134)
p0138a,6,239.155,305.431,297.614,331.729,__________
p0138b,6,304.34,305.803,438.009,332.101,_______________________
p0138c,6,445.359,308.144,457.63,332.268,(cid:134) 1 (cid:134) 3
p0139,6,174.859,273.072,187.13,297.195,(cid:134) (cid:134)
p0139a,6,239.155,270.174,297.614,296.471,__________
p0139b,6,304.34,270.545,438.009,296.843,_______________________
p0139c,6,445.359,272.887,457.63,297.01,(cid:134) 1 (cid:134) 3
p0140,6,174.859,238.185,187.13,262.309,(cid:134) (cid:134)
p0140a,6,239.155,235.287,297.614,261.585,__________
p0140b,6,304.34,235.659,438.009,261.957,_______________________
p0140c,6,445.359,238.0,457.63,262.124,(cid:134) 1 (cid:134) 3
p0141,6,174.859,202.556,187.13,226.68,(cid:134) (cid:134)
p0141a,6,239.155,199.659,297.614,225.956,__________
p0141b,6,304.34,200.03,438.009,226.328,_______________________
p0141c,6,445.359,202.371,457.63,226.495,(cid:134) 1 (cid:134) 3
p0142,6,174.859,166.928,187.13,191.051,(cid:134) (cid:134)
p0142a,6,239.155,164.03,297.614,190.327,__________
p0142b,6,304.34,164.401,438.009,190.699,_______________________
p0142c,6,445.359,166.743,457.63,190.866,(cid:134) 1 (cid:134) 3
p0143,6,174.859,132.869,187.13,156.993,(cid:134) (cid:134)
p0143a,6,239.155,129.971,297.614,156.269,__________
p0143b,6,304.34,130.343,438.009,156.641,_______________________
p0143c,6,445.359,132.684,457.63,156.808,(cid:134) 1 (cid:134) 3
p0144,6,174.859,97.8689,187.13,121.993,(cid:134) (cid:134)
p0144a,6,239.155,94.9712,297.614,121.269,__________
p0144b,6,304.34,95.3428,438.009,121.641,_______________________
p0144c,6,445.359,97.6839,457.63,121.808,(cid:134) 1 (cid:134) 3
p0145,7,174.359,693.838,186.629,717.962,(cid:134) (cid:134)
p0145a,7,238.654,690.94,297.114,717.238,__________
p0145b,7,303.84,691.312,437.508,717.61,_______________________
p0145c,7,444.859,693.653,457.129,717.777,(cid:134) (cid:134)
p0146,7,174.359,658.838,186.629,682.962,(cid:134) (cid:134)
p0146a,7,238.654,655.94,297.114,682.238,__________
p0146b,7,303.84,656.312,437.508,682.61,_______________________
p0146c,7,444.859,658.653,457.129,682.777,(cid:134) (cid:134)
p0147,7,174.359,623.838,186.629,647.962,(cid:134) (cid:134)
p0147a,7,238.654,620.94,297.114,647.238,__________
p0147b,7,303.84,621.312,437.508,647.61,_______________________
p0147c,7,444.859,623.653,457.129,647.777,(cid:134) (cid:134)
p0148,7,174.359,588.838,186.629,612.962,(cid:134) (cid:134)
p0148a,7,238.654,585.94,297.114,612.238,__________
p0148b,7,303.84,586.312,437.508,612.61,_______________________
p0148c,7,444.859,588.653,457.129,612.777,(cid:134) (cid:134)
p0149,7,174.359,553.838,186.629,577.962,(cid:134) (cid:134)
p0149a,7,238.654,550.94,297.114,577.238,__________
p0149b,7,303.84,551.312,437.508,577.61,_______________________
p0149c,7,444.859,553.653,457.129,577.777,(cid:134) (cid:134)
p0150,7,174.359,517.838,186.629,541.962,(cid:134) (cid:134)
p0150c,7,444.859,517.653,457.129,541.777,(cid:134) (cid:134)
p0150a,7,238.654,514.94,297.114,541.238,__________
p0150b,7,303.84,515.312,437.508,541.61,_______________________
p0151a,7,174.419,373.448,186.69,397.572,(cid:134) (cid:134)
p0151b,7,244.731,371.41,398.599,395.988,__________________________
p0151c,7,405.325,370.492,463.355,395.071,__________
p0152a,7,174.021,336.962,186.292,361.086,(cid:134) (cid:134)
p0152b,7,244.333,334.924,398.201,359.502,__________________________
p0152c,7,404.927,335.006,462.957,359.585,__________
p0153a,7,174.021,301.962,186.292,326.086,(cid:134) (cid:134)
p0153b,7,244.333,299.924,398.201,324.502,__________________________
p0153c,7,404.927,300.006,462.957,324.585,__________
p0154a,7,174.021,266.818,186.292,290.942,(cid:134) (cid:134)
p0154b,7,244.333,264.78,398.201,289.358,__________________________
p0154c,7,404.927,264.862,462.957,289.441,__________
p0155a,7,175.021,231.818,187.292,255.942,(cid:134) (cid:134)
p0155b,7,245.333,229.78,399.201,254.358,__________________________
p0155c,7,405.927,229.862,463.957,254.441,__________
p0156a,7,175.021,195.818,187.292,219.942,(cid:134) (cid:134)
p0156b,7,245.333,193.78,399.201,218.358,__________________________
p0156c,7,405.927,193.862,463.957,218.441,__________
p0157a,7,175.021,161.818,187.292,185.942,(cid:134) (cid:134)
p0157b,7,245.333,159.78,399.201,184.358,__________________________
p0157c,7,405.927,159.862,463.957,184.441,__________
p0158a,7,175.021,125.818,187.292,149.942,(cid:134) (cid:134)
p0158b,7,245.333,123.78,399.201,148.358,__________________________
p0158c,7,405.927,123.862,463.957,148.441,__________
p0159a,7,174.021,91.1891,186.292,115.313,(cid:134) (cid:134)
p0159b,7,244.333,89.1509,398.201,113.729,__________________________
p0159c,7,404.927,89.2333,462.957,113.812,__________
p0160a,8,174.419,694.448,186.69,718.572,(cid:134) (cid:134)
p0160b,8,244.731,692.41,398.599,716.989,(cid:66)(cid:66)(cid:66)(cid:66)(cid:66)(cid:66)(cid:66)(cid:66)(cid:66)(cid:66)(cid:66)(cid:66)(cid:66)(cid:66)(cid:66)(cid:66)(cid:66)(cid:66)(cid:66)(cid:66)(cid:66)(cid:66)(cid:66)(cid:66)(cid:66)(cid:66)
p0160c,8,405.325,692.492,463.355,717.071,(cid:66)(cid:66)(cid:66)(cid:66)(cid:66)(cid:66)(cid:66)(cid:66)(cid:66)(cid:66)
p0161a,8,174.419,659.448,186.69,683.572,(cid:134) (cid:134)
p0161b,8,244.731,657.41,398.599,681.989,(cid:66)(cid:66)(cid:66)(cid:66)(cid:66)(cid:66)(cid:66)(cid:66)(cid:66)(cid:66)(cid:66)(cid:66)(cid:66)(cid:66)(cid:66)(cid:66)(cid:66)(cid:66)(cid:66)(cid:66)(cid:66)(cid:66)(cid:66)(cid:66)(cid:66)(cid:66)
p0161c,8,405.325,656.492,463.355,681.071,(cid:66)(cid:66)(cid:66)(cid:66)(cid:66)(cid:66)(cid:66)(cid:66)(cid:66)(cid:66)
p0162a,8,174.419,624.448,186.69,648.572,(cid:134) (cid:134)
p0162b,8,244.731,622.41,398.599,646.989,(cid:66)(cid:66)(cid:66)(cid:66)(cid:66)(cid:66)(cid:66)(cid:66)(cid:66)(cid:66)(cid:66)(cid:66)(cid:66)(cid:66)(cid:66)(cid:66)(cid:66)(cid:66)(cid:66)(cid:66)(cid:66)(cid:66)(cid:66)(cid:66)(cid:66)(cid:66)
p0162c,8,405.325,621.492,463.355,646.071,(cid:66)(cid:66)(cid:66)(cid:66)(cid:66)(cid:66)(cid:66)(cid:66)(cid:66)(cid:66)
p0163a,8,174.419,589.448,186.69,613.572,(cid:134) (cid:134)
p0163b,8,244.731,587.41,398.599,611.989,(cid:66)(cid:66)(cid:66)(cid:66)(cid:66)(cid:66)(cid:66)(cid:66)(cid:66)(cid:66)(cid:66)(cid:66)(cid:66)(cid:66)(cid:66)(cid:66)(cid:66)(cid:66)(cid:66)(cid:66)(cid:66)(cid:66)(cid:66)(cid:66)(cid:66)(cid:66)
p0163c,8,405.325,586.492,463.355,611.071,(cid:66)(cid:66)(cid:66)(cid:66)(cid:66)(cid:66)(cid:66)(cid:66)(cid:66)(cid:66)
p0164a,8,174.419,554.448,186.69,578.572,(cid:134) (cid:134)
p0164b,8,244.731,552.41,398.599,576.989,(cid:66)(cid:66)(cid:66)(cid:66)(cid:66)(cid:66)(cid:66)(cid:66)(cid:66)(cid:66)(cid:66)(cid:66)(cid:66)(cid:66)(cid:66)(cid:66)(cid:66)(cid:66)(cid:66)(cid:66)(cid:66)(cid:66)(cid:66)(cid:66)(cid:66)(cid:66)
p0164c,8,405.325,551.492,463.355,576.071,(cid:66)(cid:66)(cid:66)(cid:66)(cid:66)(cid:66)(cid:66)(cid:66)(cid:66)(cid:66)
p0165a,8,174.419,519.448,186.69,543.572,(cid:134) (cid:134)
p0165c,8,405.325,516.492,463.355,541.071,(cid:66)(cid:66)(cid:66)(cid:66)(cid:66)(cid:66)(cid:66)(cid:66)(cid:66)(cid:66)
p0150oth,7,61.0269,519.446,148.281,532.851,_______________)
p0165oth,8,61.0269,519.446,148.281,532.851,(cid:66)(cid:66)(cid:66)(cid:66)(cid:66)(cid:66)(cid:66)(cid:66)(cid:66)(cid:66)(cid:66)(cid:66)(cid:66)(cid:66)(cid:66)(cid:12)
p0166,8,465.646,461.994,520.342,473.118,(cid:134) (cid:134) (cid:60)(cid:72)(cid:86) (cid:20)
p0172,8,465.646,247.838,520.342,258.962,(cid:134) (cid:134) (cid:60)(cid:72)(cid:86) (cid:20)
p0165b,8,244.731,517.41,398.599,541.989,(cid:66)(cid:66)(cid:66)(cid:66)(cid:66)(cid:66)(cid:66)(cid:66)(cid:66)(cid:66)(cid:66)(cid:66)(cid:66)(cid:66)(cid:66)(cid:66)(cid:66)(cid:66)(cid:66)(cid:66)(cid:66)(cid:66)(cid:66)(cid:66)(cid:66)(cid:66)
p0167a,8,130.742,388.524,261.403,404.078,(cid:66)(cid:66)(cid:66)(cid:66)(cid:66)(cid:66)(cid:66)(cid:66)(cid:66)(cid:66)(cid:66)(cid:66)(cid:66)(cid:66)(cid:66)(cid:66)(cid:66)(cid:66)(cid:66)(cid:66)(cid:66)
p0167,8,62.7402,389.052,122.06,405.036,(cid:66)(cid:66)(cid:66)(cid:66)(cid:66)(cid:66)(cid:66)(cid:66)(cid:66)(cid:66)
p0167b,8,269.888,388.838,413.441,404.392,(cid:66)(cid:66)(cid:66)(cid:66)(cid:66)(cid:66)(cid:66)(cid:66)(cid:66)(cid:66)(cid:66)(cid:66)(cid:66)(cid:66)(cid:66)(cid:66)(cid:66)(cid:66)(cid:66)(cid:66)(cid:66)(cid:66)(cid:66)(cid:66)(cid:66)
p0167c,8,423.413,388.739,554.074,404.293,(cid:66)(cid:66)(cid:66)(cid:66)(cid:66)(cid:66)(cid:66)(cid:66)(cid:66)(cid:66)(cid:66)(cid:66)(cid:66)(cid:66)(cid:66)(cid:66)(cid:66)(cid:66)(cid:66)(cid:66)(cid:66)(cid:66)(cid:66)
p0168,8,62.3272,363.2,121.646,379.183,(cid:66)(cid:66)(cid:66)(cid:66)(cid:66)(cid:66)(cid:66)(cid:66)(cid:66)(cid:66)
p0168a,8,130.329,362.671,260.99,378.225,(cid:66)(cid:66)(cid:66)(cid:66)(cid:66)(cid:66)(cid:66)(cid:66)(cid:66)(cid:66)(cid:66)(cid:66)(cid:66)(cid:66)(cid:66)(cid:66)(cid:66)(cid:66)(cid:66)(cid:66)(cid:66)
p0168b,8,269.475,362.985,413.028,378.539,(cid:66)(cid:66)(cid:66)(cid:66)(cid:66)(cid:66)(cid:66)(cid:66)(cid:66)(cid:66)(cid:66)(cid:66)(cid:66)(cid:66)(cid:66)(cid:66)(cid:66)(cid:66)(cid:66)(cid:66)(cid:66)(cid:66)(cid:66)(cid:66)(cid:66)
p0168c,8,423.0,362.886,553.661,378.44,(cid:66)(cid:66)(cid:66)(cid:66)(cid:66)(cid:66)(cid:66)(cid:66)(cid:66)(cid:66)(cid:66)(cid:66)(cid:66)(cid:66)(cid:66)(cid:66)(cid:66)(cid:66)(cid:66)(cid:66)(cid:66)(cid:66)(cid:66)
p0169,8,62.3272,336.2,121.646,352.183,(cid:66)(cid:66)(cid:66)(cid:66)(cid:66)(cid:66)(cid:66)(cid:66)(cid:66)(cid:66)
p0169a,8,130.329,335.671,260.99,351.225,(cid:66)(cid:66)(cid:66)(cid:66)(cid:66)(cid:66)(cid:66)(cid:66)(cid:66)(cid:66)(cid:66)(cid:66)(cid:66)(cid:66)(cid:66)(cid:66)(cid:66)(cid:66)(cid:66)(cid:66)(cid:66)
p0169b,8,269.475,335.985,413.028,351.539,(cid:66)(cid:66)(cid:66)(cid:66)(cid:66)(cid:66)(cid:66)(cid:66)(cid:66)(cid:66)(cid:66)(cid:66)(cid:66)(cid:66)(cid:66)(cid:66)(cid:66)(cid:66)(cid:66)(cid:66)(cid:66)(cid:66)(cid:66)(cid:66)(cid:66)
p0169c,8,423.0,335.886,553.661,351.44,(cid:66)(cid:66)(cid:66)(cid:66)(cid:66)(cid:66)(cid:66)(cid:66)(cid:66)(cid:66)(cid:66)(cid:66)(cid:66)(cid:66)(cid:66)(cid:66)(cid:66)(cid:66)(cid:66)(cid:66)(cid:66)(cid:66)(cid:66)
p0170,8,62.3272,311.2,121.646,327.183,(cid:66)(cid:66)(cid:66)(cid:66)(cid:66)(cid:66)(cid:66)(cid:66)(cid:66)(cid:66)
p0170a,8,130.329,310.671,260.99,326.225,(cid:66)(cid:66)(cid:66)(cid:66)(cid:66)(cid:66)(cid:66)(cid:66)(cid:66)(cid:66)(cid:66)(cid:66)(cid:66)(cid:66)(cid:66)(cid:66)(cid:66)(cid:66)(cid:66)(cid:66)(cid:66)
p0170b,8,269.475,310.985,413.028,326.539,(cid:66)(cid:66)(cid:66)(cid:66)(cid:66)(cid:66)(cid:66)(cid:66)(cid:66)(cid:66)(cid:66)(cid:66)(cid:66)(cid:66)(cid:66)(cid:66)(cid:66)(cid:66)(cid:66)(cid:66)(cid:66)(cid:66)(cid:66)(cid:66)(cid:66)
p0170c,8,423.0,310.886,553.661,326.44,(cid:66)(cid:66)(cid:66)(cid:66)(cid:66)(cid:66)(cid:66)(cid:66)(cid:66)(cid:66)(cid:66)(cid:66)(cid:66)(cid:66)(cid:66)(cid:66)(cid:66)(cid:66)(cid:66)(cid:66)(cid:66)(cid:66)(cid:66)
p0171,8,62.3272,285.2,121.646,301.183,(cid:66)(cid:66)(cid:66)(cid:66)(cid:66)(cid:66)(cid:66)(cid:66)(cid:66)(cid:66)
p0171a,8,130.329,284.671,260.99,300.225,(cid:66)(cid:66)(cid:66)(cid:66)(cid:66)(cid:66)(cid:66)(cid:66)(cid:66)(cid:66)(cid:66)(cid:66)(cid:66)(cid:66)(cid:66)(cid:66)(cid:66)(cid:66)(cid:66)(cid:66)(cid:66)
p0171b,8,269.475,284.985,413.028,300.539,(cid:66)(cid:66)(cid:66)(cid:66)(cid:66)(cid:66)(cid:66)(cid:66)(cid:66)(cid:66)(cid:66)(cid:66)(cid:66)(cid:66)(cid:66)(cid:66)(cid:66)(cid:66)(cid:66)(cid:66)(cid:66)(cid:66)(cid:66)(cid:66)(cid:66)
p0171c,8,423.0,284.886,553.661,300.44,(cid:66)(cid:66)(cid:66)(cid:66)(cid:66)(cid:66)(cid:66)(cid:66)(cid:66)(cid:66)(cid:66)(cid:66)(cid:66)(cid:66)(cid:66)(cid:66)(cid:66)(cid:66)(cid:66)(cid:66)(cid:66)(cid:66)(cid:66)
p0173,8,62.3272,174.169,121.646,190.153,(cid:66)(cid:66)(cid:66)(cid:66)(cid:66)(cid:66)(cid:66)(cid:66)(cid:66)(cid:66)
p0173a,8,130.329,173.641,260.99,189.195,(cid:66)(cid:66)(cid:66)(cid:66)(cid:66)(cid:66)(cid:66)(cid:66)(cid:66)(cid:66)(cid:66)(cid:66)(cid:66)(cid:66)(cid:66)(cid:66)(cid:66)(cid:66)(cid:66)(cid:66)(cid:66)
p0173b,8,269.475,173.954,413.028,189.508,(cid:66)(cid:66)(cid:66)(cid:66)(cid:66)(cid:66)(cid:66)(cid:66)(cid:66)(cid:66)(cid:66)(cid:66)(cid:66)(cid:66)(cid:66)(cid:66)(cid:66)(cid:66)(cid:66)(cid:66)(cid:66)(cid:66)(cid:66)(cid:66)(cid:66)
p0173c,8,423.0,173.856,553.661,189.839,(cid:66)(cid:66)(cid:66)(cid:66)(cid:66)(cid:66)(cid:66)(cid:66)(cid:66)(cid:66)(cid:66)(cid:66)(cid:66)(cid:66)(cid:66)(cid:66)(cid:66)(cid:66)(cid:66)(cid:66)(cid:66)(cid:66)(cid:66)
p0174,8,61.3272,148.169,120.646,164.153,(cid:66)(cid:66)(cid:66)(cid:66)(cid:66)(cid:66)(cid:66)(cid:66)(cid:66)(cid:66)
p0174a,8,129.329,147.641,259.99,163.195,(cid:66)(cid:66)(cid:66)(cid:66)(cid:66)(cid:66)(cid:66)(cid:66)(cid:66)(cid:66)(cid:66)(cid:66)(cid:66)(cid:66)(cid:66)(cid:66)(cid:66)(cid:66)(cid:66)(cid:66)(cid:66)
p0174b,8,268.475,147.954,412.028,163.508,(cid:66)(cid:66)(cid:66)(cid:66)(cid:66)(cid:66)(cid:66)(cid:66)(cid:66)(cid:66)(cid:66)(cid:66)(cid:66)(cid:66)(cid:66)(cid:66)(cid:66)(cid:66)(cid:66)(cid:66)(cid:66)(cid:66)(cid:66)(cid:66)(cid:66)
p0174c,8,422.0,147.856,552.661,163.41,(cid:66)(cid:66)(cid:66)(cid:66)(cid:66)(cid:66)(cid:66)(cid:66)(cid:66)(cid:66)(cid:66)(cid:66)(cid:66)(cid:66)(cid:66)(cid:66)(cid:66)(cid:66)(cid:66)(cid:66)(cid:66)(cid:66)(cid:66)
p0175,8,61.3272,122.169,120.646,138.153,(cid:66)(cid:66)(cid:66)(cid:66)(cid:66)(cid:66)(cid:66)(cid:66)(cid:66)(cid:66)
p0175a,8,129.329,121.641,259.99,137.195,(cid:66)(cid:66)(cid:66)(cid:66)(cid:66)(cid:66)(cid:66)(cid:66)(cid:66)(cid:66)(cid:66)(cid:66)(cid:66)(cid:66)(cid:66)(cid:66)(cid:66)(cid:66)(cid:66)(cid:66)(cid:66)
p0175b,8,268.475,121.954,412.028,137.508,(cid:66)(cid:66)(cid:66)(cid:66)(cid:66)(cid:66)(cid:66)(cid:66)(cid:66)(cid:66)(cid:66)(cid:66)(cid:66)(cid:66)(cid:66)(cid:66)(cid:66)(cid:66)(cid:66)(cid:66)(cid:66)(cid:66)(cid:66)(cid:66)(cid:66)
p0175c,8,422.0,121.856,552.661,137.41,(cid:66)(cid:66)(cid:66)(cid:66)(cid:66)(cid:66)(cid:66)(cid:66)(cid:66)(cid:66)(cid:66)(cid:66)(cid:66)(cid:66)(cid:66)(cid:66)(cid:66)(cid:66)(cid:66)(cid:66)(cid:66)(cid:66)(cid:66)
p0176,8,61.3272,96.1691,120.646,112.153,(cid:66)(cid:66)(cid:66)(cid:66)(cid:66)(cid:66)(cid:66)(cid:66)(cid:66)(cid:66)
p0176a,8,129.329,95.6407,259.99,111.195,(cid:66)(cid:66)(cid:66)(cid:66)(cid:66)(cid:66)(cid:66)(cid:66)(cid:66)(cid:66)(cid:66)(cid:66)(cid:66)(cid:66)(cid:66)(cid:66)(cid:66)(cid:66)(cid:66)(cid:66)(cid:66)
p0176b,8,268.475,95.9542,412.028,111.508,(cid:66)(cid:66)(cid:66)(cid:66)(cid:66)(cid:66)(cid:66)(cid:66)(cid:66)(cid:66)(cid:66)(cid:66)(cid:66)(cid:66)(cid:66)(cid:66)(cid:66)(cid:66)(cid:66)(cid:66)(cid:66)(cid:66)(cid:66)(cid:66)(cid:66)
p0176c,8,422.0,95.8556,552.661,111.41,(cid:66)(cid:66)(cid:66)(cid:66)(cid:66)(cid:66)(cid:66)(cid:66)(cid:66)(cid:66)(cid:66)(cid:66)(cid:66)(cid:66)(cid:66)(cid:66)(cid:66)(cid:66)(cid:66)(cid:66)(cid:66)(cid:66)(cid:66)
p0177,9,61.7402,702.052,121.06,718.036,__________
p0177a,9,129.742,701.524,260.403,717.078,_____________________
p0177c,9,422.413,701.739,553.074,717.293,_______________________
p0186,9,465.646,275.838,520.342,286.962,(cid:134) (cid:134) Yes 1
p0181,9,465.646,535.838,520.342,546.962,(cid:134) (cid:134) Yes 1
p0178,9,465.646,646.628,520.342,657.752,(cid:134) (cid:134) Yes 1
p0179,9,465.646,627.628,520.342,638.752,(cid:134) (cid:134) Yes 1
p0180,9,465.646,589.628,520.342,600.752,(cid:134) (cid:134) Yes 1
p0182b,9,247.646,416.628,436.985,427.752,(cid:134) (cid:134) (cid:134) Intended for hatching Nest run 1 2
p0177b,9,268.888,701.838,412.441,717.392,_________________________
p0179oth,9,287.508,606.729,506.271,623.143,_______________________________________
p0180oth,9,195.323,569.34,506.056,586.183,________________________________________________________
p0182,9,61.7645,415.814,179.102,431.798,____________________
p0182a,9,187.587,415.268,238.311,432.112,________
p0183b,9,248.265,387.984,437.604,399.108,(cid:134) (cid:134) (cid:134) Intended for hatching Nest run 1 2 3
p0184b,9,248.265,360.984,437.604,372.108,(cid:134) (cid:134) (cid:134) Intended for hatching Nest run 1 2 3
p0185b,9,248.265,332.984,437.604,344.108,(cid:134) (cid:134) (cid:134) Intended for hatching Nest run 1 2 3
p0185,9,62.3835,332.17,179.721,348.154,____________________
p0185a,9,188.207,331.624,238.93,348.468,________
p0184,9,62.3835,360.17,179.721,376.154,____________________
p0184a,9,188.207,359.624,238.93,376.468,________
p0183,9,62.3835,387.17,179.721,403.154,____________________
p0183a,9,188.207,386.624,238.93,403.468,________
p0187b,9,249.277,157.464,336.973,168.588,(cid:134) (cid:134) Pasteurized 1
p0188b,9,249.896,128.821,337.592,139.945,(cid:134) (cid:134) Pasteurized 1
p0189b,9,249.896,101.821,337.592,112.945,(cid:134) (cid:134) Pasteurized 1
p0189,9,64.0147,101.007,181.353,116.99,____________________
p0189a,9,189.838,100.461,240.562,117.304,________
p0190,10,64.0147,701.007,181.353,716.99,(cid:66)(cid:66)(cid:66)(cid:66)(cid:66)(cid:66)(cid:66)(cid:66)(cid:66)(cid:66)(cid:66)(cid:66)(cid:66)(cid:66)(cid:66)(cid:66)(cid:66)(cid:66)(cid:66)(cid:66)
p0190a,10,189.838,700.461,240.562,717.304,(cid:66)(cid:66)(cid:66)(cid:66)(cid:66)(cid:66)(cid:66)(cid:66)
p0190b,10,249.896,701.821,337.592,712.945,(cid:134) (cid:134) (cid:51)(cid:68)(cid:86)(cid:87)(cid:72)(cid:88)(cid:85)(cid:76)(cid:93)(cid:72)(cid:71) (cid:20)
p0187,9,63.3957,156.65,180.734,172.634,____________________
p0187a,9,189.219,156.104,239.943,172.948,________
p0188,9,64.0147,128.007,181.353,143.99,____________________
p0188a,9,189.838,127.461,240.562,144.304,________
p0191,10,465.646,645.838,520.342,656.962,(cid:134) (cid:134) (cid:60)(cid:72)(cid:86) (cid:20)
p0192,10,61.7645,525.814,179.102,541.798,(cid:66)(cid:66)(cid:66)(cid:66)(cid:66)(cid:66)(cid:66)(cid:66)(cid:66)(cid:66)(cid:66)(cid:66)(cid:66)(cid:66)(cid:66)(cid:66)(cid:66)(cid:66)(cid:66)(cid:66)
p0192a,10,187.587,525.268,238.311,542.112,(cid:66)(cid:66)(cid:66)(cid:66)(cid:66)(cid:66)(cid:66)(cid:66)
p0192b,10,247.646,526.628,436.985,537.752,(cid:134) (cid:134) (cid:49)(cid:72)(cid:86)(cid:87)(cid:85)(cid:88)(cid:81)(cid:3)(cid:134) (cid:44)(cid:81)(cid:87)(cid:72)(cid:81)(cid:71)(cid:72)(cid:71)(cid:3)(cid:73)(cid:82)(cid:85)(cid:75)(cid:68)(cid:87)(cid:70)(cid:75)(cid:76)(cid:81)(cid:74) (cid:20) (cid:21)
p0193,10,62.3835,497.17,179.721,513.154,(cid:66)(cid:66)(cid:66)(cid:66)(cid:66)(cid:66)(cid:66)(cid:66)(cid:66)(cid:66)(cid:66)(cid:66)(cid:66)(cid:66)(cid:66)(cid:66)(cid:66)(cid:66)(cid:66)(cid:66)
p0193a,10,188.207,496.624,238.93,513.468,(cid:66)(cid:66)(cid:66)(cid:66)(cid:66)(cid:66)(cid:66)(cid:66)
p0193b,10,248.265,497.984,437.604,509.108,(cid:134) (cid:134) (cid:49)(cid:72)(cid:86)(cid:87)(cid:85)(cid:88)(cid:81)(cid:3)(cid:134) (cid:44)(cid:81)(cid:87)(cid:72)(cid:81)(cid:71)(cid:72)(cid:71)(cid:3)(cid:73)(cid:82)(cid:85)(cid:75)(cid:68)(cid:87)(cid:70)(cid:75)(cid:76)(cid:81)(cid:74) (cid:20) (cid:21) (cid:22)
p0194,10,62.3835,470.17,179.721,486.154,(cid:66)(cid:66)(cid:66)(cid:66)(cid:66)(cid:66)(cid:66)(cid:66)(cid:66)(cid:66)(cid:66)(cid:66)(cid:66)(cid:66)(cid:66)(cid:66)(cid:66)(cid:66)(cid:66)(cid:66)
p0194a,10,188.207,469.624,238.93,486.468,(cid:66)(cid:66)(cid:66)(cid:66)(cid:66)(cid:66)(cid:66)(cid:66)
p0194b,10,248.265,470.984,437.604,482.108,(cid:134) (cid:134) (cid:49)(cid:72)(cid:86)(cid:87)(cid:85)(cid:88)(cid:81)(cid:3)(cid:134) (cid:44)(cid:81)(cid:87)(cid:72)(cid:81)(cid:71)(cid:72)(cid:71)(cid:3)(cid:73)(cid:82)(cid:85)(cid:75)(cid:68)(cid:87)(cid:70)(cid:75)(cid:76)(cid:81)(cid:74) (cid:20) (cid:21) (cid:22)
p0195,10,62.3835,442.17,179.721,458.154,(cid:66)(cid:66)(cid:66)(cid:66)(cid:66)(cid:66)(cid:66)(cid:66)(cid:66)(cid:66)(cid:66)(cid:66)(cid:66)(cid:66)(cid:66)(cid:66)(cid:66)(cid:66)(cid:66)(cid:66)
p0195a,10,188.207,441.624,238.93,458.468,(cid:66)(cid:66)(cid:66)(cid:66)(cid:66)(cid:66)(cid:66)(cid:66)
p0195b,10,248.265,442.984,437.604,454.108,(cid:134) (cid:134) (cid:49)(cid:72)(cid:86)(cid:87)(cid:85)(cid:88)(cid:81)(cid:3)(cid:134) (cid:44)(cid:81)(cid:87)(cid:72)(cid:81)(cid:71)(cid:72)(cid:71)(cid:3)(cid:73)(cid:82)(cid:85)(cid:75)(cid:68)(cid:87)(cid:70)(cid:75)(cid:76)(cid:81)(cid:74) (cid:20) (cid:21) (cid:22)
p0196,10,465.646,385.838,520.342,396.962,(cid:134) (cid:134) (cid:60)(cid:72)(cid:86) (cid:20)
p0197,10,63.3957,266.65,180.734,282.634,(cid:66)(cid:66)(cid:66)(cid:66)(cid:66)(cid:66)(cid:66)(cid:66)(cid:66)(cid:66)(cid:66)(cid:66)(cid:66)(cid:66)(cid:66)(cid:66)(cid:66)(cid:66)(cid:66)(cid:66)
p0197a,10,189.219,266.104,239.943,282.948,(cid:66)(cid:66)(cid:66)(cid:66)(cid:66)(cid:66)(cid:66)(cid:66)
p0197b,10,249.277,267.464,336.973,278.588,(cid:134) (cid:134) (cid:51)(cid:68)(cid:86)(cid:87)(cid:72)(cid:88)(cid:85)(cid:76)(cid:93)(cid:72)(cid:71) (cid:20)
p0198,10,64.0147,238.007,181.353,253.99,(cid:66)(cid:66)(cid:66)(cid:66)(cid:66)(cid:66)(cid:66)(cid:66)(cid:66)(cid:66)(cid:66)(cid:66)(cid:66)(cid:66)(cid:66)(cid:66)(cid:66)(cid:66)(cid:66)(cid:66)
p0198a,10,189.838,237.461,240.562,254.304,(cid:66)(cid:66)(cid:66)(cid:66)(cid:66)(cid:66)(cid:66)(cid:66)
p0198b,10,249.896,238.821,337.592,249.945,(cid:134) (cid:134) (cid:51)(cid:68)(cid:86)(cid:87)(cid:72)(cid:88)(cid:85)(cid:76)(cid:93)(cid:72)(cid:71) (cid:20)
p0199b,10,249.896,211.821,337.592,222.945,(cid:134) (cid:134) (cid:51)(cid:68)(cid:86)(cid:87)(cid:72)(cid:88)(cid:85)(cid:76)(cid:93)(cid:72)(cid:71) (cid:20)
p0199,10,64.0147,211.007,181.353,226.99,(cid:66)(cid:66)(cid:66)(cid:66)(cid:66)(cid:66)(cid:66)(cid:66)(cid:66)(cid:66)(cid:66)(cid:66)(cid:66)(cid:66)(cid:66)(cid:66)(cid:66)(cid:66)(cid:66)(cid:66)
p0199a,10,189.838,210.461,240.562,227.304,(cid:66)(cid:66)(cid:66)(cid:66)(cid:66)(cid:66)(cid:66)(cid:66)
p0200a,10,190.028,181.791,240.752,198.635,(cid:66)(cid:66)(cid:66)(cid:66)(cid:66)(cid:66)(cid:66)(cid:66)
p0200b,10,250.087,183.151,337.783,194.275,(cid:134) (cid:134) (cid:51)(cid:68)(cid:86)(cid:87)(cid:72)(cid:88)(cid:85)(cid:76)(cid:93)(cid:72)(cid:71) (cid:20)
p0300,10,465.646,97.3933,520.342,108.517,(cid:134) (cid:134) (cid:60)(cid:72)(cid:86) (cid:20)
p0301,11,465.646,690.838,520.342,701.962,(cid:134) (cid:134) (cid:60)(cid:72)(cid:86) (cid:20)
p0302,11,465.646,652.92,520.342,664.044,(cid:134) (cid:134) (cid:60)(cid:72)(cid:86) (cid:20)
p0303,11,232.646,581.999,473.985,593.123,(cid:134) (cid:134) (cid:134) (cid:134) (cid:49)(cid:82)(cid:81)(cid:72) (cid:55)(cid:72)(cid:81)(cid:86) (cid:43)(cid:88)(cid:81)(cid:71)(cid:85)(cid:72)(cid:71)(cid:86) (cid:55)(cid:75)(cid:82)(cid:88)(cid:86)(cid:68)(cid:81)(cid:71)(cid:86) (cid:20) (cid:21) (cid:22) (cid:23)
p0304,11,232.324,561.999,473.664,573.123,(cid:134) (cid:134) (cid:134) (cid:134) (cid:49)(cid:82)(cid:81)(cid:72) (cid:55)(cid:72)(cid:81)(cid:86) (cid:43)(cid:88)(cid:81)(cid:71)(cid:85)(cid:72)(cid:71)(cid:86) (cid:55)(cid:75)(cid:82)(cid:88)(cid:86)(cid:68)(cid:81)(cid:71)(cid:86) (cid:20) (cid:21) (cid:22) (cid:23)
p0305,11,233.324,524.999,474.664,536.123,(cid:134) (cid:134) (cid:134) (cid:134) (cid:49)(cid:82)(cid:81)(cid:72) (cid:55)(cid:72)(cid:81)(cid:86) (cid:43)(cid:88)(cid:81)(cid:71)(cid:85)(cid:72)(cid:71)(cid:86) (cid:55)(cid:75)(cid:82)(cid:88)(cid:86)(cid:68)(cid:81)(cid:71)(cid:86) (cid:20) (cid:21) (cid:22) (cid:23) (cid:24)
p0306,11,232.324,487.999,473.664,499.123,(cid:134) (cid:134) (cid:134) (cid:134) (cid:49)(cid:82)(cid:81)(cid:72) (cid:55)(cid:72)(cid:81)(cid:86) (cid:43)(cid:88)(cid:81)(cid:71)(cid:85)(cid:72)(cid:71)(cid:86) (cid:55)(cid:75)(cid:82)(cid:88)(cid:86)(cid:68)(cid:81)(cid:71)(cid:86) (cid:20) (cid:21) (cid:22) (cid:23)
p0310,11,232.324,341.969,473.664,353.093,(cid:134) (cid:134) (cid:134) (cid:134) (cid:49)(cid:82)(cid:81)(cid:72) (cid:55)(cid:72)(cid:81)(cid:86) (cid:43)(cid:88)(cid:81)(cid:71)(cid:85)(cid:72)(cid:71)(cid:86) (cid:55)(cid:75)(cid:82)(cid:88)(cid:86)(cid:68)(cid:81)(cid:71)(cid:86) (cid:20) (cid:21) (cid:22) (cid:23)
p0200,10,64.2052,182.337,181.543,198.321,(cid:66)(cid:66)(cid:66)(cid:66)(cid:66)(cid:66)(cid:66)(cid:66)(cid:66)(cid:66)(cid:66)(cid:66)(cid:66)(cid:66)(cid:66)(cid:66)(cid:66)(cid:66)(cid:66)(cid:66)
p0306oth,11,192.276,505.092,460.462,519.357,(cid:50)(cid:87)(cid:75)(cid:72)(cid:85)(cid:11)(cid:86)(cid:83)(cid:72)(cid:70)(cid:76)(cid:73)(cid:92)(cid:29)(cid:66)(cid:66)(cid:66)(cid:66)(cid:66)(cid:66)(cid:66)(cid:66)(cid:66)(cid:66)(cid:66)(cid:66)(cid:66)(cid:66)(cid:66)(cid:66)(cid:66)(cid:66)(cid:66)(cid:66)(cid:66)(cid:66)(cid:66)(cid:66)(cid:66)(cid:66)(cid:66)(cid:66)(cid:66)(cid:66)(cid:66)(cid:66)(cid:66)(cid:66)(cid:66)(cid:66)(cid:66)(cid:66)(cid:66)(cid:66)(cid:66)(cid:66)(cid:66)(cid:66)(cid:66)(cid:66)(cid:66)(cid:66)(cid:83)(cid:19)(cid:22)(cid:19)(cid:25)(cid:82)(cid:87)(cid:75)(cid:12)
p0311,11,232.849,322.825,474.188,333.949,(cid:134) (cid:134) (cid:134) (cid:134) (cid:49)(cid:82)(cid:81)(cid:72) (cid:55)(cid:72)(cid:81)(cid:86) (cid:43)(cid:88)(cid:81)(cid:71)(cid:85)(cid:72)(cid:71)(cid:86) (cid:55)(cid:75)(cid:82)(cid:88)(cid:86)(cid:68)(cid:81)(cid:71)(cid:86) (cid:20) (cid:21) (cid:22) (cid:23)
p0312,11,232.849,285.825,474.188,296.949,(cid:134) (cid:134) (cid:134) (cid:134) (cid:49)(cid:82)(cid:81)(cid:72) (cid:55)(cid:72)(cid:81)(cid:86) (cid:43)(cid:88)(cid:81)(cid:71)(cid:85)(cid:72)(cid:71)(cid:86) (cid:55)(cid:75)(cid:82)(cid:88)(cid:86)(cid:68)(cid:81)(cid:71)(cid:86) (cid:20) (cid:21) (cid:22) (cid:23)
p0313,11,232.849,248.825,474.188,259.949,(cid:134) (cid:134) (cid:134) (cid:134) (cid:49)(cid:82)(cid:81)(cid:72) (cid:55)(cid:72)(cid:81)(cid:86) (cid:43)(cid:88)(cid:81)(cid:71)(cid:85)(cid:72)(cid:71)(cid:86) (cid:55)(cid:75)(cid:82)(cid:88)(cid:86)(cid:68)(cid:81)(cid:71)(cid:86) (cid:20) (cid:21) (cid:22) (cid:23)
p0309,11,389.324,397.598,482.664,408.722,(cid:134) (cid:134) (cid:134) (cid:60)(cid:72)(cid:86) (cid:49)(cid:82) (cid:20) (cid:22)
p0308,11,390.324,434.598,483.664,445.722,(cid:134) (cid:134) (cid:134) (cid:60)(cid:72)(cid:86) (cid:49)(cid:82) (cid:20) (cid:22) (cid:23)
p0307,11,454.258,451.798,515.296,466.063,
p0314,11,349.324,193.825,477.664,204.949,(cid:134) (cid:134) (cid:134)(cid:49)(cid:36)(cid:3) (cid:134) (cid:60)(cid:72)(cid:86) (cid:49)(cid:82) (cid:20) (cid:22)
p0315,11,400.324,115.4,520.664,126.524,(cid:134) (cid:134) (cid:134) (cid:20) (cid:21)
p0316,11,399.824,89.3999,520.164,100.524,(cid:134) (cid:134) (cid:134) (cid:20) (cid:21)
p0317,12,399.574,701.855,519.914,712.979,(cid:134) (cid:134) (cid:134) (cid:20) (cid:21)
p0318,12,399.574,675.855,519.914,686.979,(cid:134) (cid:134) (cid:134) (cid:20) (cid:21)
p0319,12,400.074,649.552,520.414,660.676,(cid:134) (cid:134) (cid:134) (cid:20) (cid:21)
p0320,12,399.824,624.703,520.164,635.828,(cid:134) (cid:134) (cid:134) (cid:20) (cid:21)
p0321,12,399.824,598.703,520.164,609.828,(cid:134) (cid:134) (cid:134) (cid:20) (cid:21)
p0322,12,399.824,572.703,520.164,583.828,(cid:134) (cid:134) (cid:134) (cid:20) (cid:21)
p0323,12,400.324,546.4,520.664,557.524,(cid:134) (cid:134) (cid:134) (cid:20) (cid:21)
p0313oth,11,174.8,265.918,442.986,280.182,(cid:50)(cid:87)(cid:75)(cid:72)(cid:85)(cid:11)(cid:86)(cid:83)(cid:72)(cid:70)(cid:76)(cid:73)(cid:92)(cid:29)(cid:66)(cid:66)(cid:66)(cid:66)(cid:66)(cid:66)(cid:66)(cid:66)(cid:66)(cid:66)(cid:66)(cid:66)(cid:66)(cid:66)(cid:66)(cid:66)(cid:66)(cid:66)(cid:66)(cid:66)(cid:66)(cid:66)(cid:66)(cid:66)(cid:66)(cid:66)(cid:66)(cid:66)(cid:66)(cid:66)(cid:66)(cid:66)(cid:66)(cid:66)(cid:66)(cid:66)(cid:66)(cid:66)(cid:66)(cid:66)(cid:66)(cid:66)(cid:66)(cid:66)(cid:66)(cid:66)(cid:66)(cid:66)(cid:83)(cid:19)(cid:22)(cid:20)(cid:22)(cid:82)(cid:87)(cid:75)(cid:12)
p0326,12,465.896,417.711,520.592,428.835,(cid:134) (cid:134) (cid:60)(cid:72)(cid:86) (cid:20)
p0327,12,464.896,397.711,520.592,408.835,(cid:134) (cid:134) (cid:60)(cid:72)(cid:86) (cid:20)
p0328,12,465.396,360.408,520.092,371.532,(cid:134) (cid:134) (cid:60)(cid:72)(cid:86) (cid:20)
p0325,12,390.146,472.559,482.842,484.153,(cid:134) (cid:134) (cid:134) (cid:60)(cid:72)(cid:86) (cid:49)(cid:82) (cid:20) (cid:22)
p0324,12,466.146,492.559,520.842,503.683,(cid:134) (cid:134) (cid:60)(cid:72)(cid:86) (cid:20)
p0109c,4,361.004,484.918,448.111,503.627,Select (Ctrl for mult (cid:66)(cid:66)(cid:66)(cid:66)(cid:66)(cid:66)(cid:66)(cid:66)(cid:66)(cid:66)(cid:66)(cid:66)(cid:66)(cid:66)
p0110c,4,361.717,444.419,448.824,463.128,Select (Ctrl for mult (cid:66)(cid:66)(cid:66)(cid:66)(cid:66)(cid:66)(cid:66)(cid:66)(cid:66)(cid:66)(cid:66)(cid:66)(cid:66)(cid:66)
p0111c,4,361.385,403.493,448.492,422.202,Select (Ctrl for mult (cid:66)(cid:66)(cid:66)(cid:66)(cid:66)(cid:66)(cid:66)(cid:66)(cid:66)(cid:66)(cid:66)(cid:66)(cid:66)(cid:66)
p0133d,6,496.431,482.901,557.322,505.478,Select (Ctrl fo _ _ _ _ _ ____ P o u lt r y
p0134d,6,496.019,447.642,556.91,470.219,Select (Ctrl fo _ _ _ _ _ ____ P o u lt r y
p0135d,6,496.117,411.873,557.009,434.45,Select (Ctrl fo _ _ _ _ _ ____ P o u lt r y
p0136d,6,495.356,377.393,556.248,399.97,Select (Ctrl fo _ _ _ _ _____ P o u lt ry
p0137d,6,495.885,342.054,556.776,364.63,Select (Ctrl fo _ _ _ _ _ ____ P o u lt r y
p0138d,6,496.413,306.714,557.304,329.291,Select (Ctrl fo _ _ _ _ _ ____ P o u lt r y
p0139d,6,496.082,271.375,556.973,293.951,Select (Ctrl fo _ _ _ _ _ ____ P o u lt r y
p0140d,6,496.181,236.465,557.072,259.042,Select (Ctrl fo _ _ _ _ _ ____ P o u lt r y
p0141d,6,496.279,201.555,557.171,224.132,Select (Ctrl fo _ _ _ _ _ ____ P o u lt r y
p0142d,6,496.378,166.216,557.269,188.792,Select (Ctrl fo _ _ _ _ _ ____ P o u lt r y
p0143d,6,496.477,130.876,557.368,153.453,Select (Ctrl fo _ _ _ _ _ ____ P o u l tr y
p0144d,6,496.019,95.6633,556.91,118.24,Select (Ctrl fo _ _ _ _ _ ____ P o u lt r y
p0145d,7,496.431,693.057,557.322,715.634,Select (Ctrl fo _ _ _ _ _ ____ P o u lt r y
p0146d,7,496.001,657.386,556.892,679.963,Select (Ctrl fo _ _ _ _ _ ____ P o u lt r y
p0147d,7,496.431,622.145,557.322,644.722,Select (Ctrl fo _ _ _ _ _ ____ P o u lt r y
p0148d,7,496.431,587.764,557.322,610.341,Select (Ctrl fo _ _ _ _ _ ____ P o u lt r y
p0149d,7,496.431,552.523,557.322,575.1,Select (Ctrl fo _ _ _ _ _ ____ P o u lt r y
p0150d,7,496.431,516.852,557.322,539.429,Select (Ctrl fo _ _ _ _ _ ____ P o u lt r y
p0151d,7,469.785,371.161,554.314,393.738,Select (Ctrl for mul _ _ _ _ _ _________ P o u l tr y
p0165d,8,470.215,517.067,554.744,539.644,Select (Ctrl for mul (cid:66) (cid:66) (cid:66) (cid:66) (cid:66) (cid:66)(cid:66)(cid:66)(cid:66)(cid:66)(cid:66)(cid:66)(cid:66)(cid:66) P o u l tr y
p0164d,8,470.546,551.977,555.075,574.554,Select (Ctrl for mul (cid:66) (cid:66) (cid:66) (cid:66) (cid:66) (cid:66)(cid:66)(cid:66)(cid:66)(cid:66)(cid:66)(cid:66)(cid:66)(cid:66) P o u l tr y
p0163d,8,470.877,587.317,555.406,609.893,Select (Ctrl for mul (cid:66) (cid:66) (cid:66) (cid:66) (cid:66) (cid:66)(cid:66)(cid:66)(cid:66)(cid:66)(cid:66)(cid:66)(cid:66)(cid:66) P o u l tr y
p0162d,8,470.448,622.128,554.976,644.704,Select (Ctrl for mul (cid:66) (cid:66) (cid:66) (cid:66) (cid:66) (cid:66)(cid:66)(cid:66)(cid:66)(cid:66)(cid:66)(cid:66)(cid:66)(cid:66) P o u l tr y
p0161d,8,470.476,657.77,555.004,680.347,Select (Ctrl for mul (cid:66) (cid:66) (cid:66) (cid:66) (cid:66) (cid:66)(cid:66)(cid:66)(cid:66)(cid:66)(cid:66)(cid:66)(cid:66)(cid:66) P o u l tr y
p0160d,8,470.377,693.539,554.906,716.116,Select (Ctrl for mul (cid:66) (cid:66) (cid:66) (cid:66) (cid:66) (cid:66)(cid:66)(cid:66)(cid:66)(cid:66)(cid:66)(cid:66)(cid:66)(cid:66) P o u l tr y
p0159d,7,470.279,90.2455,554.807,112.822,Select (Ctrl for mul _ _ _ _ _ _________ P o u l tr y
p0158d,7,470.18,125.155,554.708,147.732,Select (Ctrl for mul _ _ _ _ _ _________ P o u l tr y
p0157d,7,470.511,160.065,555.039,182.642,Select (Ctrl for mul _ _ _ _ _ _________ P o u l tr y
p0156d,7,470.412,194.975,554.941,217.552,Select (Ctrl for mul _ _ _ _ _ _________ P o u l tr y
p0155d,7,471.173,230.314,555.702,252.891,Select (Ctrl for mul __ _ _ _ _________ P o u ltr y
p0154d,7,470.215,265.654,554.744,288.231,Select (Ctrl for mul _ _ _ _ _ _________ P o u l tr y
p0153d,7,470.117,300.563,554.645,323.14,Select (Ctrl for mul _ _ _ _ _ _________ P o u l tr y
p0152d,7,470.018,335.903,554.546,358.48,Select (Ctrl for mul _ _ _ _ _ _________ P o u l tr y
If Yes describe p0328oth,12,106.545,306.167,536.28,342.425,(cid:66)(cid:66)(cid:66)(cid:66)(cid:66)(cid:66)(cid:66)(cid:66)(cid:66)(cid:66)(cid:66)(cid:66)(cid:66)(cid:66)(cid:66)(cid:66)(cid:66)(cid:66)(cid:66)(cid:66)(cid:66)(cid:66)(cid:66)(cid:66)(cid:66)(cid:66)(cid:66)(cid:66)(cid:66)(cid:66)(cid:66)(cid:66)(cid:66)(cid:66)(cid:66)(cid:66)(cid:66)(cid:66)(cid:66)(cid:66)(cid:66)(cid:66)(cid:66)(cid:66)(cid:66)(cid:66)(cid:66)(cid:66)(cid:66)(cid:66)(cid:66)(cid:66)(cid:66)(cid:66)(cid:66)(cid:66)(cid:66)(cid:66)(cid:66)(cid:66)(cid:66)(cid:66)(cid:66)(cid:66)(cid:66)(cid:66)(cid:66)(cid:66)(cid:66)(cid:66)(cid:66)(cid:66)(cid:66)(cid:66)(cid:66)(cid:66)(cid:66) (cid:66)(cid:66)(cid:66)(cid:66)(cid:66)(cid:66)(cid:66)(cid:66)(cid:66)(cid:66)(cid:66)(cid:66)(cid:66)(cid:66)(cid:66)(cid:66)(cid:66)(cid:66)(cid:66)(cid:66)(cid:66)(cid:66)(cid:66)(cid:66)(cid:66)(cid:66)(cid:66)(cid:66)(cid:66)(cid:66)(cid:66)(cid:66)(cid:66)(cid:66)(cid:66)(cid:66)(cid:66)(cid:66)(cid:66)(cid:66)(cid:66)(cid:66)(cid:66)(cid:66)(cid:66)(cid:66)(cid:66)(cid:66)(cid:66)(cid:66)(cid:66)(cid:66)(cid:66)(cid:66)(cid:66)(cid:66)(cid:66)(cid:66)(cid:66)(cid:66)(cid:66)(cid:66)(cid:66)(cid:66)(cid:66)(cid:66)(cid:66)(cid:66)(cid:66)(cid:66)(cid:66)(cid:66)(cid:66)(cid:66)(cid:66)(cid:66)(cid:66)
CLEAR FORM,1,488.406,719.971,560.406,739.971,
p0323oth,12,167.494,546.555,324.8,560.82,(cid:76)(cid:17)(cid:50)(cid:87)(cid:75)(cid:72)(cid:85)(cid:11)(cid:86)(cid:83)(cid:72)(cid:70)(cid:76)(cid:73)(cid:92)(cid:29)(cid:66)(cid:66)(cid:66)(cid:66)(cid:66)(cid:66)(cid:66)(cid:66)(cid:66)(cid:66)(cid:66)(cid:66)(cid:66)(cid:66)(cid:66)(cid:66)(cid:66)(cid:66)(cid:66)(cid:66)(cid:66)(cid:66)(cid:66)(cid:66)(cid:66)(cid:66)(cid:66)(cid:66)(cid:83)(cid:19)(cid:22)(cid:21)(cid:22)(cid:82)(cid:87)(cid:75)(cid:12)(cid:83)(cid:19)(cid:22)(cid:21)(cid:22)
