field_index,field,alternative_name,field_type,field_flags,default_value_raw,default_value,is_default_value,states,options,is_multiselect,page,x1,y1,x2,y2,printed_x1,printed_y1,printed_x2,printed_y2,printed_scale,printed_dx,printed_dy,printed_baseline_text
1,npin,NPIN:,Tx,2,,,False,,,False,1,98.7708,493.394,541.211,506.594,118.90354618015962,464.13916761687574,535.1101197263398,476.5564994298746,0.9407069555302167,25.989167616875704,0.0,
2,premisesfarm_name,Premises/Farm Name:,Tx,2,,,False,,,False,1,186.851,479.114,541.211,492.314,201.76120296465223,450.7058722919042,535.1101197263398,463.1232041049031,0.9407069555302167,25.989167616875704,0.0,flatfarm
3,premises_address,Premises Address:,Tx,,,,False,,,False,1,167.531,464.834,541.211,478.034,183.58674458380844,437.2725769669327,535.1101197263398,449.68990877993156,0.9407069555302167,25.989167616875704,0.0,
4,prem_city,City:,Tx,,,,False,,,False,1,90.7308,450.554,301.451,463.754,111.3402622576967,423.83928164196124,309.5662200684151,436.25661345496013,0.9407069555302167,25.989167616875704,0.0,
5,prem_county,County:,Tx,,,,False,,,False,1,349.772,450.554,541.211,463.754,355.0221208665906,423.83928164196124,535.1101197263398,436.25661345496013,0.9407069555302167,25.989167616875704,0.0,
6,prem_state,State:,Tx,,,,False,,,False,1,98.1708,436.274,301.451,449.474,118.33912200684149,410.40598631698975,309.5662200684151,422.8233181299886,0.9407069555302167,25.989167616875704,0.0,
7,prem_zip,Zip:,Tx,,,,False,,,False,1,349.045,436.04,541.082,449.24,354.3382269099202,410.1858608893957,534.9887685290764,422.60319270239455,0.9407069555302167,25.989167616875704,0.0,
8,prem_gps,GPS Coordinates:,Tx,,,,False,,,False,1,162.472,422.543,301.404,435.743,178.82770809578108,397.48913911060436,309.5220068415051,409.9064709236032,0.9407069555302167,25.989167616875704,0.0,
9,prem_special_id,Special ID:,Tx,,,,False,,,False,1,120.507,408.463,301.573,421.663,139.35094070695553,384.24398517673893,309.68098631698973,396.66131698973777,0.9407069555302167,25.989167616875704,0.0,
10,primary_contact_name,Name:,Tx,,,,False,,,False,1,98.4064,365.814,537.366,378.894,118.56075256556443,344.1237742303307,531.4931014823261,356.4282212086659,0.9407069555302167,25.989167616875704,0.0,
11,primary_contact_title,Title:,Tx,,,,False,,,False,1,88.9265,351.534,537.366,364.734,109.64294469783351,330.69047890535916,531.4931014823261,343.10781071835805,0.9407069555302167,25.989167616875704,0.0,
12,umbrella_company,Umbrella Company (if applicable):,Tx,,,,False,,,False,1,243.726,337.134,537.366,350.454,255.2639110604333,317.1442987457241,531.4931014823261,329.67451539338657,0.9407069555302167,25.989167616875704,0.0,
13,primary_contact_phone,Phone:,Tx,,,,False,,,False,1,101.046,322.854,257.608,336.054,121.04384264538199,303.71100342075255,268.32280501710375,316.1283352337514,0.9407069555302167,25.989167616875704,0.0,
14,primary_alt_phone,Alternative Phone:,Tx,,,,False,,,False,1,408.152,322.854,537.255,336.054,409.94059293044467,303.71100342075255,531.3886830102622,316.1283352337514,0.9407069555302167,25.989167616875704,0.0,
15,primary_contact_email,Email:,Tx,,,,False,,,False,1,96.3665,308.574,537.366,321.774,116.64180444697833,290.27770809578107,531.4931014823261,302.69503990877996,0.9407069555302167,25.989167616875704,0.0,
16,case_manager,Case Manager:,Tx,,,,False,,,False,1,146.185,265.425,538.465,279.225,163.50641391106043,249.68714367160777,532.5269384264539,262.6688996579248,0.9407069555302167,25.989167616875704,0.0,
17,case_manager_phone,Phone:,Tx,,,,False,,,False,1,102.145,250.425,538.465,264.345,122.07767958950969,235.57653933865453,532.5269384264539,248.67118015963516,0.9407069555302167,25.989167616875704,0.0,
18,case_manager_email,Email:,Tx,,,,False,,,False,1,97.4648,235.305,538.465,249.345,117.67498289623717,221.35305017103764,532.5269384264539,234.56057582668188,0.9407069555302167,25.989167616875704,0.0,
19,auditor,Auditor:,Tx,,,,False,,,False,1,105.505,209.597,538.465,223.397,125.2384549600912,197.16935575826682,532.5269384264539,210.1511117445838,0.9407069555302167,25.989167616875704,0.0,
20,auditor_phone,Phone:,Tx,,,,False,,,False,1,102.145,194.597,538.465,208.517,122.07767958950969,183.05875142531357,532.5269384264539,196.15339224629417,0.9407069555302167,25.989167616875704,0.0,
21,auditor_email,Email:,Tx,,,,False,,,False,1,97.4648,179.477,538.465,193.517,117.67498289623717,168.8352622576967,532.5269384264539,182.04278791334093,0.9407069555302167,25.989167616875704,0.0,
22,audit_type,Audit Type,Ch,131074,BIFA,BIFA,False,"|['Buffer Zone Placement', 'Buffer Zone Placement']|['Restocking', 'Restocking']|['BIFA', 'BIFA']",|Buffer Zone Placement|Restocking|BIFA,False,1,125.374,151.766,539.014,165.569,143.9293614595211,142.76733181299886,533.04338654504,155.75190992018244,0.9407069555302167,25.989167616875704,0.0,
23,audit_method,Audit Method,Ch,131074, ,,True,"|['1', 'Virtual']|['2', 'In-person']",|1|2,False,1,138.694,136.815,539.014,150.739,156.45957810718357,128.70282212086659,533.04338654504,141.80122576966934,0.9407069555302167,25.989167616875704,0.0,
24,initial_audit_date,Initial Audit Date,Tx,2,,,False,,,False,1,155.376,121.817,539.014,135.735,172.15245153933864,114.59409920182439,533.04338654504,127.68685860889397,0.9407069555302167,25.989167616875704,0.0,
25,FileNameGen,Press this button to generate the file name to copy and save this document,Btn,65536,,,False,BBox|Filter|FormType|Matrix|Resources|Subtype|Type|Off,,False,1,106.454,67.365,192.894,83.824,126.13118586088939,63.37072405929304,207.44589509692133,78.85381984036488,0.9407069555302167,25.989167616875704,0.0,GenerateFileName
26,FileNameField,FileNameField,Tx,,,,False,,,False,1,202.823,67.272,396.689,83.551,216.78617445838086,63.28323831242874,399.15726909920187,78.59700684150513,0.9407069555302167,25.989167616875704,0.0,
27,SaveAs,SaveAs,Btn,65536,,,False,BBox|Filter|FormType|Matrix|Resources|Subtype|Type|Off,,False,1,406.269,67.093,492.709,83.551,408.1692417331813,63.11485176738883,489.48395096921325,78.59700684150513,0.9407069555302167,25.989167616875704,0.0,SaveAs
28,Q1_1_1,Q1_1_1,Btn,49152,,,False,Yes|No,,False,3,461.249,261.108,511.648,275.963,459.88931014823265,245.62611174458382,507.3,259.6003135689852,0.9407069555302167,25.989167616875704,0.0,
29,Q1_1_1a,Q1_1_1a,Tx,,,,False,,,False,3,367.864,171.184,449.791,193.184,372.0413911060433,161.0339794754846,449.1106898517674,181.72953249714936,0.9407069555302167,25.989167616875704,0.0,
30,Q1_1_1_complete,Q1_1_1_complete,Btn,,,,False,Off|Yes,,False,3,532.49,261.212,546.89,275.612,526.9062143671608,245.72394526795895,540.4523945267958,259.2701254275941,0.9407069555302167,25.989167616875704,0.0,
31,Q1_1_2,Q1_1_2,Btn,49152,,,False,Yes|No,,False,3,460.723,138.058,511.122,152.912,459.39449828962375,129.87212086659065,506.8051881413911,143.8453819840365,0.9407069555302167,25.989167616875704,0.0,
32,Q1_1_2_complete,Q1_2_5_complete,Btn,,,,False,Off|Yes,,False,3,532.799,138.558,547.199,152.958,527.1968928164196,130.34247434435576,540.7430729760547,143.8886545039909,0.9407069555302167,25.989167616875704,0.0,
33,Q1_1_comments,Q1_1_comments,Tx,4096,,,False,,,False,4,58.9051,558.115,535.425,735.683,81.40160490307866,525.0226624857469,529.6671892816419,692.0621151653364,0.9407069555302167,25.989167616875704,0.0,
34,Q1_1_result,Q1_1_result,Btn,49152,,,False,Pass|No pass,,False,4,90.4024,523.934,195.937,551.034,111.03133409350056,492.8683580387685,210.30846636259977,518.3615165336374,0.9407069555302167,25.989167616875704,0.0,Remediation Required
35,Q1_1_rem_complete,Q1_1_rem_complete,Tx,,,,False,,,False,4,377.833,518.735,527.834,532.226,381.41929874572406,487.97762257696695,522.5262827822121,500.6687001140251,0.9407069555302167,25.989167616875704,0.0,
36,Q1_2_3,Q1_2_3,Btn,49152,,,False,Yes|No,,False,4,461.771,373.433,512.17,388.287,460.3803591790194,351.2910205245154,507.7910490307867,365.2642816419612,0.9407069555302167,25.989167616875704,0.0,
37,Q1_2_3_complete,Q1_2_3_complete,Btn,,,,False,Off|Yes,,False,4,533.235,374.158,547.635,388.558,527.6070410490308,351.9730330672748,541.1532212086659,365.5192132269099,0.9407069555302167,25.989167616875704,0.0,
38,Q1_2_4_complete,Q1_2_4_complete,Btn,,,,False,Off|Yes,,False,4,533.956,319.722,548.356,334.122,528.2852907639681,300.76470923603193,541.8314709236031,314.31088939566706,0.9407069555302167,25.989167616875704,0.0,
39,Q1_2_4,Q1_2_4,Btn,49152,,,False,Yes|No,,False,4,462.195,319.273,512.594,334.127,460.7792189281642,300.3423318129989,508.1899087799316,314.3155929304447,0.9407069555302167,25.989167616875704,0.0,
40,Q1_2_5_complete,Q1_2_6_complete,Btn,,,,False,Off|Yes,,False,4,533.956,262.722,548.356,277.122,528.2852907639681,247.14441277080957,541.8314709236031,260.6905929304447,0.9407069555302167,25.989167616875704,0.0,
41,Q1_2_5,Q1_2_5,Btn,49152,,,False,Yes|No,,False,4,462.931,262.14,513.33,276.995,461.4715792474344,246.59692132269097,508.88226909920184,260.57112314709235,0.9407069555302167,25.989167616875704,0.0,
42,Q1_2_6_complete,Q1_2_6_complete,Btn,,,,False,Off|Yes,,False,4,534.392,137.939,548.792,152.339,528.6954389965792,129.76017673888254,542.2416191562145,143.30635689851766,0.9407069555302167,25.989167616875704,0.0,
43,Q1_2_6,Q1_2_6,Btn,49152,,,False,Yes|No,,False,4,462.931,137.304,513.33,152.158,461.4715792474344,129.16282782212087,508.88226909920184,143.1360889395667,0.9407069555302167,25.989167616875704,0.0,
44,Q1_2_7_complete,Q1_2_7_complete,Btn,,,,False,Off|Yes,,False,5,532.799,687.666,547.199,702.066,527.1968928164196,646.892189281642,540.7430729760547,660.4383694412771,0.9407069555302167,25.989167616875704,0.0,
45,Q1_2_7,Q1_2_7,Btn,49152,,,False,Yes|No,,False,5,461.703,687.029,512.102,701.883,460.3163911060433,646.2929589509693,507.7270809578107,660.2662200684151,0.9407069555302167,25.989167616875704,0.0,
46,Q1_2_8_complete,Q1_2_8_complete,Btn,,,,False,Off|Yes,,False,5,533.09,554.285,547.49,568.685,527.470638540479,521.4197548460661,541.0168187001141,534.9659350057012,0.9407069555302167,25.989167616875704,0.0,
47,Q1_2_8,Q1_2_8,Btn,49152,,,False,Yes|No,,False,5,461.774,553.995,512.173,568.85,460.38318129988596,521.1469498289624,507.7938711516534,535.1211516533638,0.9407069555302167,25.989167616875704,0.0,
48,Q1_2_9_complete,Q1_2_9_complete,Btn,,,,False,Off|Yes,,False,5,533.672,469.449,548.071,483.849,528.0181299885976,441.6139395667047,541.563369441277,455.1601197263398,0.9407069555302167,25.989167616875704,0.0,
49,Q1_2_9,Q1_2_9,Btn,49152,,,False,Yes|No,,False,5,462.073,468.953,512.472,483.807,460.6644526795895,441.14734891676164,508.0751425313569,455.1206100342076,0.9407069555302167,25.989167616875704,0.0,
50,Q1_2_10a_complete,Q1_2_10b_complete,Btn,,,,False,Off|Yes,,False,5,532.653,384.067,547.053,398.467,527.0595496009122,361.29449828962373,540.6057297605473,374.8406784492588,0.9407069555302167,25.989167616875704,0.0,
51,Q1_2_10a,Q1_2_10a,Btn,49152,,,False,Yes|No,,False,5,462.073,384.117,512.472,398.971,460.6644526795895,361.34153363740023,508.0751425313569,375.31479475484605,0.9407069555302167,25.989167616875704,0.0,
52,Q1_2_10b,Q1_2_10b,Btn,49152,,,False,Yes|No,,False,5,462.073,354.117,512.472,368.971,460.6644526795895,333.12032497149374,508.0751425313569,347.09358608893956,0.9407069555302167,25.989167616875704,0.0,
53,Q1_2_10b_complete,Q1_2_10c_complete,Btn,,,,False,Off|Yes,,False,5,533.235,354.685,547.635,369.085,527.6070410490308,333.6546465222349,541.1532212086659,347.20082668187,0.9407069555302167,25.989167616875704,0.0,
54,Q1_2_11_complete,Q1_4_17a_complete,Btn,,,,False,Off|Yes,,False,5,532.799,290.557,547.199,304.957,527.1968928164196,273.3289908779932,540.7430729760547,286.87517103762826,0.9407069555302167,25.989167616875704,0.0,
55,Q1_2_11,Q1_2_11,Btn,49152,,,False,Yes|No,,False,5,462.021,290.429,512.42,304.92,460.6155359179019,273.2085803876853,508.0262257696693,286.8403648802737,0.9407069555302167,25.989167616875704,0.0,
56,Q1_2_12_complete,Q1_2_12_complete,Btn,,,,False,Off|Yes,,False,5,532.799,244.357,547.199,258.757,527.1968928164196,229.86832953249714,540.7430729760547,243.41450969213227,0.9407069555302167,25.989167616875704,0.0,
57,Q1_2_12,Q1_2_12,Btn,49152,,,False,Yes|No,,False,5,462.571,244.552,512.97,259.407,461.1329247434436,230.05176738882554,508.54361459521095,244.0259692132269,0.9407069555302167,25.989167616875704,0.0,
58,Q1_2_13_complete,Q1_2_13_complete,Btn,,,,False,Off|Yes,,False,5,533.09,206.357,547.49,220.757,527.470638540479,194.12146522234892,541.0168187001141,207.66764538198404,0.9407069555302167,25.989167616875704,0.0,
59,Q1_2_13,Q1_2_13,Btn,49152,,,False,Yes|No,,False,5,462.571,206.552,512.97,221.407,461.1329247434436,194.3049030786773,508.54361459521095,208.2791049030787,0.9407069555302167,25.989167616875704,0.0,
60,Q1_2_14_complete,Q1_2_14_complete,Btn,,,,False,Off|Yes,,False,5,533.381,164.611,547.781,179.011,527.7443842645382,154.85071265678448,541.2905644241732,168.3968928164196,0.9407069555302167,25.989167616875704,0.0,
61,Q1_2_14,Q1_2_14,Btn,49152,,,False,Yes|No,,False,5,462.571,163.552,512.97,178.407,461.1329247434436,153.854503990878,508.54361459521095,167.82870581527936,0.9407069555302167,25.989167616875704,0.0,
62,Q1_2_comments,Q1_2_comments,Tx,4096,,,False,,,False,6,59.6035,558.441,536.123,736.587,82.05859464082097,525.3293329532497,530.3238027366021,692.9125142531357,0.9407069555302167,25.989167616875704,0.0,
63,Q1_2_result,Q1_2_result,Btn,49152,,,False,Pass|No pass,,False,6,90.244,524.024,198.495,551.815,110.88232611174458,492.95302166476625,212.71479475484605,519.0962086659066,0.9407069555302167,25.989167616875704,0.0,Remediation Required
64,Q1_2_rem_complete,Q1_2_rem_complete,Tx,,,,False,,,False,6,378.205,519.208,528.206,532.699,381.7692417331813,488.4225769669327,522.8762257696694,501.11365450399086,0.9407069555302167,25.989167616875704,0.0,
65,Q1_3_15_complete,Q1_3_15_complete,Btn,,,,False,Off|Yes,,False,6,532.799,345.143,547.199,359.543,527.1968928164196,324.67842075256556,540.7430729760547,338.2246009122007,0.9407069555302167,25.989167616875704,0.0,
66,Q1_3_15,Q1_3_15,Btn,49152,,,False,Yes|No,,False,6,463.069,344.654,513.468,359.509,461.60139680729765,324.2184150513113,509.01208665906495,338.1926168757127,0.9407069555302167,25.989167616875704,0.0,
67,Q1_3_16_complete,Q1_3_16_complete,Btn,,,,False,Off|Yes,,False,6,532.799,239.557,547.199,253.957,527.1968928164196,225.3529361459521,540.7430729760547,238.89911630558723,0.9407069555302167,25.989167616875704,0.0,
68,Q1_3_16,Q1_3_16,Btn,49152,,,False,Yes|No,,False,6,461.965,238.855,512.364,253.71,460.56285632839223,224.6925598631699,507.97354618015964,238.66676168757127,0.9407069555302167,25.989167616875704,0.0,
69,Q1_3_comments,Q1_3_comments,Tx,4096,,,False,,,False,7,59.4391,558.807,535.959,737.073,81.9039424173318,525.6736316989738,530.1695267958951,693.3696978335233,0.9407069555302167,25.989167616875704,0.0,
70,Q1_3_rem_complete,Q1_3_rem_complete,Tx,,,,False,,,False,7,377.885,519.084,527.886,532.575,381.4682155074116,488.3059293044469,522.5751995438995,500.9970068415052,0.9407069555302167,25.989167616875704,0.0,
71,Q1_3_result,Q1_3_result,Btn,49152,,,False,Pass|No pass,,False,7,90.3847,523.755,196.422,551.864,111.01468358038767,492.69997149372864,210.7647092360319,519.1423033067275,0.9407069555302167,25.989167616875704,0.0,Remediation Required
72,Q1_4_17a_complete,Q1_4_17d_complete,Btn,,,,False,Off|Yes,,False,7,532.944,346.775,547.344,361.175,527.3332953249715,326.2136545039909,540.8794754846067,339.759834663626,0.9407069555302167,25.989167616875704,0.0,
73,Q1_4_17a,Q1_4_17a,Btn,49152,,,False,Yes|No,,False,7,462.805,346.171,513.204,361.026,461.35305017103764,325.64546750285064,508.763740022805,339.619669327252,0.9407069555302167,25.989167616875704,0.0,
74,Q1_4_17b_complete,Q1_4_17b_complete,Btn,,,,False,Off|Yes,,False,7,533.235,304.594,547.635,318.994,527.6070410490308,286.5336944127708,541.1532212086659,300.07987457240597,0.9407069555302167,25.989167616875704,0.0,
75,Q1_4_17b,Q1_4_17b,Btn,49152,,,False,Yes|No,,False,7,462.319,304.104,512.718,318.958,460.89586659065,286.072748004561,508.3065564424173,300.04600912200686,0.9407069555302167,25.989167616875704,0.0,
76,Q1_4_17d_complete,Q1_4_18_complete,Btn,,,,False,Off|Yes,,False,7,533.09,269.139,547.49,283.539,527.470638540479,253.18092930444698,541.0168187001141,266.7271094640821,0.9407069555302167,25.989167616875704,0.0,
77,Q1_4_17d,Q1_4_17d,Btn,49152,,,False,Yes|No,,False,7,462.231,268.864,512.63,283.719,460.8130843785633,252.92223489167614,508.22377423033066,266.8964367160775,0.9407069555302167,25.989167616875704,0.0,
78,Q1_4_17e_complete,Q1_4_17e_complete,Btn,,,,False,Off|Yes,,False,7,533.235,209.467,547.635,223.867,527.6070410490308,197.0470638540479,541.1532212086659,210.593244013683,0.9407069555302167,25.989167616875704,0.0,
79,Q1_4_17e,Q1_3_17e,Btn,49152,,,False,Yes|No,,False,7,462.231,209.864,512.63,224.719,460.8130843785633,197.4205245153934,508.22377423033066,211.39472633979474,0.9407069555302167,25.989167616875704,0.0,
80,Q1_4_17c,Q1_4_17c,Btn,49152,,,False,Yes|No,,False,8,462.304,702.397,512.703,717.252,460.881755986317,660.7497434435577,508.29244583808435,674.7239452679589,0.9407069555302167,25.989167616875704,0.0,
81,Q1_4_18_complete,Q1_5_20c_complete,Btn,,,,False,Off|Yes,,False,8,533.09,666.429,547.49,680.829,527.470638540479,626.9143956670467,541.0168187001141,640.4605758266819,0.9407069555302167,25.989167616875704,0.0,
82,Q1_4_18,Q1_4_18,Btn,49152,,,False,Yes|No,,False,8,462.137,665.323,512.536,680.178,460.72465792474344,625.8739737742303,508.1353477765108,639.8481755986317,0.9407069555302167,25.989167616875704,0.0,
83,Q1_4_19_complete,Q1_4_19_complete,Btn,,,,False,Off|Yes,,False,8,532.799,611.375,547.199,625.775,527.1968928164196,575.1247149372862,540.7430729760547,588.6708950969213,0.9407069555302167,25.989167616875704,0.0,
84,Q1_4_19,Q1_4_19,Btn,49152,,,False,Yes|No,,False,8,462.137,610.559,512.536,625.414,460.72465792474344,574.3570980615735,508.1353477765108,588.3312998859749,0.9407069555302167,25.989167616875704,0.0,
85,Q1_4_comments,Q1_4_comments,Tx,4096,,,False,,,False,8,59.3219,384.329,535.842,562.475,81.79369156214366,361.5409635119726,530.059464082098,529.1241448118586,0.9407069555302167,25.989167616875704,0.0,
86,Q1_4_result,Q1_4_result,Btn,49152,,,False,Pass|No pass,,False,8,90.244,349.931,196.281,378.04,110.88232611174458,329.1825256556442,210.63206955530217,355.62485746864314,0.9407069555302167,25.989167616875704,0.0,Remediation Required
87,Q1_4_rem_complete,Q1_4_rem_complete,Tx,,,,False,,,False,8,377.803,344.558,527.803,358.048,381.39107753705815,324.12810718358037,522.4971208665906,336.818244013683,0.9407069555302167,25.989167616875704,0.0,
88,Q1_5_20a_complete,Q1_5_20a_complete,Btn,,,,False,Off|Yes,,False,8,533.09,194.429,547.49,208.829,527.470638540479,182.9007126567845,541.0168187001141,196.44689281641962,0.9407069555302167,25.989167616875704,0.0,
89,Q1_5_20a,Q1_5_20a,Btn,49152,,,False,Yes|No,,False,8,462.806,193.253,513.205,208.108,461.3539908779931,181.79444127708095,508.7646807297606,195.76864310148233,0.9407069555302167,25.989167616875704,0.0,
90,Q1_5_20b_complete,Q1_5_20b_complete,Btn,,,,False,Off|Yes,,False,8,532.762,130.588,547.161,144.988,527.1620866590649,122.84503990877992,540.7073261117446,136.39122006841507,0.9407069555302167,25.989167616875704,0.0,
91,Q1_5_20b,Q1_5_20b,Btn,49152,,,False,Yes|No,,False,8,462.497,129.447,512.896,144.302,461.0633124287343,121.77169327251995,508.4740022805017,135.74589509692132,0.9407069555302167,25.989167616875704,0.0,
92,Q1_5_20c_complete,Q1_6_23_complete,Btn,,,,False,Off|Yes,,False,9,533.09,728.429,547.49,742.829,527.470638540479,685.2382269099202,541.0168187001141,698.7844070695553,0.9407069555302167,25.989167616875704,0.0,
93,Q1_5_20c,Q1_5_20c,Btn,49152,,,False,Yes|No,,False,9,462.826,727.288,513.225,742.143,461.37280501710376,684.1648802736602,508.7834948688712,698.1390820980616,0.9407069555302167,25.989167616875704,0.0,
94,Q1_5_21a_complete,Q1_5_21a_complete,Btn,,,,False,Off|Yes,,False,9,533.235,668.557,547.635,682.957,527.6070410490308,628.9162200684151,541.1532212086659,642.4624002280502,0.9407069555302167,25.989167616875704,0.0,
95,Q1_5_21a,Q1_5_21a,Btn,49152,,,False,Yes|No,,False,9,462.826,667.288,513.225,682.143,461.37280501710376,627.7224629418472,508.7834948688712,641.6966647662487,0.9407069555302167,25.989167616875704,0.0,
96,Q1_5_201b_complete,Q1_5_21b_complete,Btn,,,,False,Off|Yes,,False,9,533.09,632.048,547.49,646.448,527.470638540479,594.5719498289624,541.0168187001141,608.1181299885975,0.9407069555302167,25.989167616875704,0.0,
97,Q1_5_21b,Q1_5_21b,Btn,49152,,,False,Yes|No,,False,9,462.826,631.288,513.225,646.143,461.37280501710376,593.8570125427594,508.7834948688712,607.8312143671608,0.9407069555302167,25.989167616875704,0.0,
98,Q1_5_22_complete,Q1_5_22_complete,Btn,,,,False,Off|Yes,,False,9,533.817,566.612,548.217,581.012,528.1545324971494,533.0158494868871,541.7007126567844,546.5620296465222,0.9407069555302167,25.989167616875704,0.0,
99,Q1_5_22,Q1_5_22,Btn,49152,,,False,Yes|No,,False,9,462.826,566.288,513.225,581.143,461.37280501710376,532.7110604332953,508.7834948688712,546.6852622576968,0.9407069555302167,25.989167616875704,0.0,
100,Q1_5_comments,Q1_5_comments,Tx,4096,,,False,,,False,9,59.5594,333.08,536.08,512.356,82.0171094640821,313.33067274800453,530.2833523375143,481.9768529076397,0.9407069555302167,25.989167616875704,0.0,
101,Q1_5_result,Q1_5_result,Btn,49152,,,False,Pass|No pass,,False,9,91.5185,299.345,197.156,327.007,112.08125712656783,281.5959236031927,211.45518814139112,307.61775940706957,0.9407069555302167,25.989167616875704,0.0,Remediation Required
102,Q1_5_rem_complete,Q1_5_rem_complete,Tx,,,,False,,,False,9,377.54,294.708,527.54,308.198,381.14367160775373,277.2338654503991,522.2497149372862,289.92400228050167,0.9407069555302167,25.989167616875704,0.0,
103,Q1_6_23_complete,Q1_6_27_complete,Btn,,,,False,Off|Yes,,False,9,533.007,158.927,547.406,173.327,527.3925598631698,149.50373432155072,540.9377993158494,163.04991448118585,0.9407069555302167,25.989167616875704,0.0,
104,Q1_6_23,Q1_6_23,Btn,49152,,,False,Yes|No,,False,9,462.232,158.216,512.632,173.071,460.81402508551884,148.83489167616878,508.22565564424167,162.80909350057013,0.9407069555302167,25.989167616875704,0.0,
105,Q1_6_24_complete,Q1_6_24_complete,Btn,,,,False,Off|Yes,,False,10,532.799,720.394,547.199,734.794,527.1968928164196,677.6796465222349,540.7430729760547,691.22582668187,0.9407069555302167,25.989167616875704,0.0,
106,Q1_6_24,Q1_6_24,Btn,49152,,,False,Yes|No,,False,10,463.316,719.955,513.715,734.81,461.83375142531355,677.2666761687572,509.24444127708097,691.2408779931585,0.9407069555302167,25.989167616875704,0.0,
107,Q1_6_25_complete,Q1_6_25_complete,Btn,,,,False,Off|Yes,,False,10,533.09,473.429,547.49,487.829,527.470638540479,445.3579532497149,541.0168187001141,458.9041334093501,0.9407069555302167,25.989167616875704,0.0,
108,Q1_6_25,Q1_6_25,Btn,49152,,,False,Yes|No,,False,10,462.529,472.056,512.928,486.911,461.0934150513113,444.06636259977194,508.50410490307866,458.04056442417334,0.9407069555302167,25.989167616875704,0.0,
109,Q1_6_26_complete,Q1_6_26_complete,Btn,,,,False,Off|Yes,,False,10,533.09,422.429,547.49,436.829,527.470638540479,397.38189851767385,541.0168187001141,410.92807867730903,0.9407069555302167,25.989167616875704,0.0,
110,Q1_6_26,Q1_6_26,Btn,49152,,,False,N/A|Yes|No,,False,10,378.68,411.12,512.928,436.283,382.21607753705814,386.7434435575827,508.50410490307866,410.41445267958954,0.9407069555302167,25.989167616875704,0.0,flats or
111,Q1_6_comments,Q1_6_comments,Tx,4096,,,False,,,False,10,58.9888,196.909,535.509,373.175,81.48034207525654,185.23366590649943,529.7462086659066,351.0483181299886,0.9407069555302167,25.989167616875704,0.0,
112,Q1_6_result,Q1_6_result,Btn,49152,,,False,Pass|No pass,,False,10,91.0663,162.488,196.103,188.852,111.65586944127708,152.85359179019383,210.4646237172178,177.6543899657925,0.9407069555302167,25.989167616875704,0.0,Remediation Required
113,Q1_6_rem_complete,Q1_6_rem_complete,Tx,,,,False,,,False,10,378.013,157.329,528.013,170.82,381.5886259977195,148.00048460661347,522.6946693272521,160.6915621436716,0.9407069555302167,25.989167616875704,0.0,
114,Q1_7_27_complete,Q1_7_27_complete,Btn,,,,False,Off|Yes,,False,11,533.09,632.429,547.49,646.829,527.470638540479,594.9303591790193,541.0168187001141,608.4765393386544,0.9407069555302167,25.989167616875704,0.0,
115,Q1_7_27,Q1_7_27,Btn,49152,,,False,Yes|No,,False,11,461.907,631.41,512.306,646.264,460.50829532497147,593.971778791334,507.91898517673894,607.9450399087799,0.9407069555302167,25.989167616875704,0.0,
116,Q1_7_28_complete,Q1_7_28_complete,Btn,,,,False,Off|Yes,,False,11,533.235,591.23,547.635,605.63,527.6070410490308,556.17417331813,541.1532212086659,569.7203534777651,0.9407069555302167,25.989167616875704,0.0,
117,Q1_7_28,Q1_7_28,Btn,49152,,,False,Yes|No,,False,11,462.3,590.328,512.699,605.182,460.87799315849486,555.3256556442417,508.2886830102622,569.2989167616876,0.9407069555302167,25.989167616875704,0.0,
118,Q1_7_29_complete,Q1_7_29_complete,Btn,,,,False,Off|Yes,,False,11,532.653,547.302,547.053,561.702,527.0595496009122,514.8507981755987,540.6057297605473,528.3969783352337,0.9407069555302167,25.989167616875704,0.0,
119,Q1_7_29,Q1_7_29,Btn,49152,,,False,Yes|No,,False,11,462.3,546.874,512.699,561.728,460.87799315849486,514.4481755986317,508.2886830102622,528.4214367160776,0.9407069555302167,25.989167616875704,0.0,
120,Q1_7_30_complete,Q1_7_30_complete,Btn,,,,False,Off|Yes,,False,11,533.381,489.848,547.781,504.248,527.7443842645382,460.80342075256556,541.2905644241732,474.3496009122007,0.9407069555302167,25.989167616875704,0.0,
121,Q1_7_30,Q1_7_30,Btn,49152,,,False,Yes|No,,False,11,461.716,488.944,512.115,503.798,460.3286202964652,459.95302166476625,507.7393101482326,473.92628278221207,0.9407069555302167,25.989167616875704,0.0,
122,Q1_7_31_complete,Q1_7_31_complete,Btn,,,,False,Off|Yes,,False,11,533.235,425.848,547.635,440.248,527.6070410490308,400.5981755986317,541.1532212086659,414.14435575826684,0.9407069555302167,25.989167616875704,0.0,
123,Q1_7_31,Q1_7_31,Btn,49152,,,False,Yes|No,,False,11,461.716,424.944,512.115,439.798,460.3286202964652,399.7477765108324,507.7393101482326,413.7210376282782,0.9407069555302167,25.989167616875704,0.0,
124,Q1_7_comments,Q1_7_comments,Tx,4096,,,False,,,False,11,59.5596,198.388,536.079,375.682,82.0172976054732,186.62497149372862,530.2824116305587,353.40667046750286,0.9407069555302167,25.989167616875704,0.0,
125,Q1_7_result,Q1_7_result,Btn,49152,,,False,Pass|No pass,,False,11,94.6097,162.303,198.951,190.983,114.98917046750284,152.67956100342076,213.14375712656783,179.65903648802737,0.9407069555302167,25.989167616875704,0.0,Remediation Required
126,Q1_7_rem_complete,Q1_7_rem_complete,Tx,,,,False,,,False,11,378.483,158.917,528.483,172.408,382.0307582668187,149.49432725199543,523.1368015963511,162.1854047890536,0.9407069555302167,25.989167616875704,0.0,
127,Q2_1_32_complete,Q2_2_34_complete,Btn,,,,False,Off|Yes,,False,12,533.09,583.612,547.49,598.012,527.470638540479,549.0078677309008,541.0168187001141,562.5540478905359,0.9407069555302167,25.989167616875704,0.0,
128,Q2_1_32,Q2_1_32,Btn,49152,,,False,Yes|No,,False,12,462.0,582.215,512.399,597.069,460.5957810718358,547.6937001140251,508.0064709236032,561.6669612314709,0.9407069555302167,25.989167616875704,0.0,
129,Q2_1_33a,Q2_1_33a,Btn,49152,,,False,N/A|Yes|No,,False,12,308.988,498.789,512.739,513.643,316.6563283922463,469.21428164196124,508.3263112884835,483.1875427594071,0.9407069555302167,25.989167616875704,0.0,
130,Q2_1_33b,Q2_1_33b,Btn,49152,,,False,N/A|Yes|No,,False,12,190.988,471.829,512.739,487.643,205.65290763968073,443.8528221208666,508.3263112884835,458.72916191562143,0.9407069555302167,25.989167616875704,0.0,
131,Q2_1_33c_complete,Q2_1_33c_complete,Btn,,,,False,Off|Yes,,False,12,533.235,447.722,547.635,462.122,527.6070410490308,421.1751995438996,541.1532212086659,434.7213797035348,0.9407069555302167,25.989167616875704,0.0,
132,Q2_1_33c,Q2_1_33c,Btn,49152,,,False,Yes|No,,False,12,462.34,446.789,512.739,461.643,460.91562143671604,420.29751995438994,508.3263112884835,434.27078107183576,0.9407069555302167,25.989167616875704,0.0,
133,Q2_1_33d,Q2_1_33d,Btn,49152,,,False,Yes|No,,False,12,462.34,412.789,512.739,427.643,460.91562143671604,388.3134834663626,508.3263112884835,402.2867445838084,0.9407069555302167,25.989167616875704,0.0,
134,Q2_1_33e,additional details,Tx,4096,,,False,,,False,12,39.2859,260.618,449.09,362.531,62.94568700114024,245.165165336374,448.4512542759407,341.035433295325,0.9407069555302167,25.989167616875704,0.0,
135,Q2_1_comments,Q2_1_comments,Tx,4096,,,False,,,False,13,59.3391,559.376,535.859,735.972,81.80987172177879,526.2088939566704,530.0754561003421,692.3339794754846,0.9407069555302167,25.989167616875704,0.0,
136,Q2_1_result,Q2_1_result,Btn,49152,,,False,Pass|No pass,,False,13,92.9722,524.034,198.01,550.398,113.44876282782211,492.9624287343216,212.2585518814139,517.7632269099203,0.9407069555302167,25.989167616875704,0.0,Remediation Required
137,Q2_1_rem_complete,Q2_1_rem_complete,Tx,,,,False,,,False,13,377.392,519.343,527.392,532.834,381.00444697833524,488.54957240592927,522.1104903078678,501.24064994298743,0.9407069555302167,25.989167616875704,0.0,
138,Q2_2_34_complete,Q3_1_37_complete,Btn,,,,False,Off|Yes,,False,13,532.782,379.614,547.182,394.014,527.1809007981756,357.10553021664765,540.7270809578108,370.6517103762828,0.9407069555302167,25.989167616875704,0.0,
139,Q2_2_34,Q2_2_34,Btn,49152,,,False,Yes|No,,False,13,462.519,378.518,512.918,393.372,461.084007981756,356.07451539338655,508.4946978335234,370.0477765108324,0.9407069555302167,25.989167616875704,0.0,
140,Q2_2_35a_complete,Q2_2_35a_complete,Btn,,,,False,Off|Yes,,False,13,533.235,218.721,547.635,233.121,527.6070410490308,205.75236602052453,541.1532212086659,219.29854618015963,0.9407069555302167,25.989167616875704,0.0,
141,Q2_2_35a,Q2_2_35a,Btn,49152,,,False,Yes|No,,False,13,462.62,218.618,513.019,233.472,461.17901938426456,205.6554732041049,508.5897092360319,219.62873432155075,0.9407069555302167,25.989167616875704,0.0,
142,Q2_2_35b_complete,Q2_2_35b_complete,Btn,,,,False,Off|Yes,,False,14,533.09,637.267,547.49,651.667,527.470638540479,599.4814994298746,541.0168187001141,613.0276795895097,0.9407069555302167,25.989167616875704,0.0,
143,Q2_2_35b,Q2_2_35b,Btn,49152,,,False,Yes|No,,False,14,462.62,636.618,513.019,651.472,461.17901938426456,598.8709806157356,508.5897092360319,612.8442417331813,0.9407069555302167,25.989167616875704,0.0,
144,Q2_2_35c,Q2_2_35c,Btn,49152,,,False,Yes|No,,False,14,462.62,571.618,513.019,586.472,461.17901938426456,537.7250285062714,508.5897092360319,551.6982896237172,0.9407069555302167,25.989167616875704,0.0,
145,Q2_2_35c_complete,Q2_2_35c_complete,Btn,,,,False,Off|Yes,,False,14,532.944,572.831,547.344,587.231,527.3332953249715,538.8661060433295,540.8794754846067,552.4122862029647,0.9407069555302167,25.989167616875704,0.0,
146,Q2_2_comments,Q2_2_comments,Tx,4096,,,False,,,False,14,59.4,284.992,535.92,463.869,81.86716077537056,268.09395667046755,530.1328392246294,436.3647947548461,0.9407069555302167,25.989167616875704,0.0,
147,Q2_2_result,Q2_2_result,Btn,49152,,,False,Pass|No pass,,False,14,94.6098,250.33,199.647,276.694,114.9892645381984,235.48717217787916,213.79848916761685,260.28797035347776,0.9407069555302167,25.989167616875704,0.0,Remediation Required
148,Q2_2_rem_complete,Q2_2_rem_complete,Tx,,,,False,,,False,14,379.029,245.639,529.029,259.13,382.54438426453817,231.0743158494869,523.6504275940706,243.76539338654504,0.9407069555302167,25.989167616875704,0.0,
149,Q2_3_36_complete,Q2_3_36_complete,Btn,,,,False,Off|Yes,,False,14,533.09,98.612,547.49,113.012,527.470638540479,92.76499429874572,541.0168187001141,106.31117445838085,0.9407069555302167,25.989167616875704,0.0,
150,Q2_3_36,Q2_3_36,Btn,49152,,,False,Yes|No,,False,14,460.62,97.946,511.019,112.8,459.2976054732041,92.1384834663626,506.7082953249715,106.11174458380843,0.9407069555302167,25.989167616875704,0.0,
151,Q2_3_comments,Q2_3_comments,Tx,4096,,,False,,,False,15,59.4,500.84,535.92,679.062,81.86716077537056,471.1436716077537,530.1328392246294,638.79834663626,0.9407069555302167,25.989167616875704,0.0,
152,Q2_3_result,Q2_3_result,Btn,49152,,,False,Pass|No pass,,False,15,94.6098,466.826,199.647,493.19,114.9892645381984,439.1464652223489,213.79848916761685,463.94726339794755,0.9407069555302167,25.989167616875704,0.0,Remediation Required
153,Q2_3_rem_complete,Q2_3_rem_complete,Tx,,,,False,,,False,15,376.927,460.558,526.927,474.049,380.5670182440137,433.2501140250855,521.6730615735462,445.9411915621437,0.9407069555302167,25.989167616875704,0.0,
154,Q3_1_37_complete,Q3_1_39_complete,Btn,,,,False,Off|Yes,,False,15,533.782,254.512,548.182,268.912,528.1216077537058,239.4212086659065,541.667787913341,252.9673888255416,0.9407069555302167,25.989167616875704,0.0,
155,Q3_1_37,Q3_1_37,Btn,49152,,,False,Yes|No,,False,15,461.312,254.179,511.711,269.033,459.948574686431,239.10795324971494,507.35926453819843,253.08121436716078,0.9407069555302167,25.989167616875704,0.0,
156,Q3_1_38_complete,Q3_1_38_complete,Btn,,,,False,Off|Yes,,False,15,533.235,113.921,547.635,128.321,527.6070410490308,107.16627708095781,541.1532212086659,120.71245724059293,0.9407069555302167,25.989167616875704,0.0,
157,Q3_1_38,Q3_1_38,Btn,49152,,,False,Yes|No,,False,15,460.62,114.334,511.019,129.188,459.2976054732041,107.55478905359179,506.7082953249715,121.52805017103762,0.9407069555302167,25.989167616875704,0.0,
158,Q1_2_10c_complete,Q1_2_11_complete,Btn,,,,False,Off|Yes,,False,5,533.235,325.593,547.635,339.993,527.6070410490308,306.28759977194983,541.1532212086659,319.83377993158496,0.9407069555302167,25.989167616875704,0.0,
159,Q1_2_10c,Q1_2_10c,Btn,49152,,,False,Yes|No,,False,5,462.073,325.117,512.472,339.971,460.6644526795895,305.8398232611175,508.0751425313569,319.8130843785633,0.9407069555302167,25.989167616875704,0.0,
160,Q3_1_39_complete,Q3_1_39_complete,Btn,,,,False,Off|Yes,,False,16,533.09,729.612,547.49,744.012,527.470638540479,686.3510832383124,541.0168187001141,699.8972633979475,0.9407069555302167,25.989167616875704,0.0,
161,Q3_1_39,Q3_1_39,Btn,49152,,,False,Yes|No,,False,16,460.62,728.643,511.019,743.497,459.2976054732041,685.4395381984037,506.7082953249715,699.4127993158495,0.9407069555302167,25.989167616875704,0.0,
162,Q3_1_comments,Q3_1_comments,Tx,4096,,,False,,,False,16,59.4,500.293,535.92,677.861,81.86716077537056,470.6291049030787,530.1328392246294,637.6685575826682,0.9407069555302167,25.989167616875704,0.0,
163,Q3_1_result,Q3_1_result,Btn,49152,,,False,Pass|No pass,,False,16,93.6098,465.159,198.647,491.523,114.04855758266818,437.57830672748,212.85778221208665,462.3791049030787,0.9407069555302167,25.989167616875704,0.0,Remediation Required
164,Q3_1_rem_complete,Q3_1_rem_complete,Tx,,,,False,,,False,16,378.029,460.468,528.029,473.959,381.603677309008,433.16545039908783,522.7097206385405,445.85652793614594,0.9407069555302167,25.989167616875704,0.0,
165,Q3_2_40_complete,Q3_2_40_complete,Btn,,,,False,Off|Yes,,False,16,533.09,319.612,547.49,334.012,527.470638540479,300.6612314709236,541.0168187001141,314.20741163055874,0.9407069555302167,25.989167616875704,0.0,
166,Q3_2_40,Q3_2_40,Btn,49152,,,False,Yes|No,,False,16,459.881,319.005,510.28,333.859,458.6024230330672,300.09022234891677,506.01311288483464,314.0634834663626,0.9407069555302167,25.989167616875704,0.0,
167,Q3_2_41_complete,Q3_2_41_complete,Btn,,,,False,Off|Yes,,False,16,532.801,219.045,547.201,233.445,527.1987742303306,206.0571550741163,540.7449543899659,219.6033352337514,0.9407069555302167,25.989167616875704,0.0,
168,Q3_2_41,Q3_2_41,Btn,49152,,,False,Yes|No,,False,16,461.875,217.889,512.274,232.743,460.47819270239455,204.96969783352338,507.8888825541619,218.9429589509692,0.9407069555302167,25.989167616875704,0.0,
169,Q3_2_42_complete,Q3_2_42_complete,Btn,,,,False,Off|Yes,,False,16,532.653,163.449,547.053,177.849,527.0595496009122,153.7576111744584,540.6057297605473,167.3037913340935,0.9407069555302167,25.989167616875704,0.0,
170,Q3_2_42,Q3_2_42,Btn,49152,,,False,Yes|No,,False,16,461.875,162.564,512.274,177.418,460.47819270239455,152.92508551881414,507.8888825541619,166.89834663626,0.9407069555302167,25.989167616875704,0.0,
171,Q3_2_43_complete,Q3_2_43_complete,Btn,,,,False,Off|Yes,,False,16,533.381,113.412,547.781,127.812,527.7443842645382,106.68745724059293,541.2905644241732,120.23363740022805,0.9407069555302167,25.989167616875704,0.0,
172,Q3_2_43,Q3_2_43,Btn,49152,,,False,Yes|No,,False,16,461.365,113.049,511.764,127.903,459.9984321550741,106.34598061573547,507.4091220068415,120.3192417331813,0.9407069555302167,25.989167616875704,0.0,
173,Q3_2_44,Q3_2_44,Btn,49152,,,False,Yes|No,,False,17,459.938,726.638,510.337,741.492,458.6560433295325,683.5534207525656,506.06673318129987,697.5266818700114,0.9407069555302167,25.989167616875704,0.0,
174,Q3_2_44_complete,Q3_2_44_complete,Btn,,,,False,Off|Yes,,False,17,533.235,727.431,547.635,741.831,527.6070410490308,684.2994013683011,541.1532212086659,697.8455815279361,0.9407069555302167,25.989167616875704,0.0,
175,Q3_2_45a_complete,Q3_2_45a_complete,Btn,,,,False,Off|Yes,,False,17,533.09,647.612,547.49,662.012,527.470638540479,609.2131128848347,541.0168187001141,622.7592930444697,0.9407069555302167,25.989167616875704,0.0,
176,Q3_2_45a,Q3_2_45a,Btn,49152,,,False,Yes|No,,False,17,461.938,646.893,512.337,661.747,460.5374572405929,608.5367445838085,507.94814709236033,622.5100057012543,0.9407069555302167,25.989167616875704,0.0,
177,Q3_2_45b,Q3_2_45b,Tx,4096,,,False,,,False,17,39.4242,358.425,449.097,574.945,63.07578677309007,337.17289053591793,448.4578392246294,540.8547605473204,0.9407069555302167,25.989167616875704,0.0,
178,Q3_2_46a_complete,Q3_2_46a_complete,Btn,,,,False,Off|Yes,,False,17,533.09,339.612,547.49,354.012,527.470638540479,319.47537058152795,541.0168187001141,333.0215507411631,0.9407069555302167,25.989167616875704,0.0,
179,Q3_2_46a,Q3_2_46a,Btn,49152,,,False,Yes|No,,False,17,462.433,338.285,512.832,353.139,461.00310718358037,318.22705245153935,508.4137970353478,332.20031356898517,0.9407069555302167,25.989167616875704,0.0,
180,Q3_2_46b,Q3_2_46b,Tx,4096,,,False,,,False,17,39.6372,122.15,448.765,311.768,63.27615735461801,114.90735461801597,448.1455245153934,293.28232611174457,0.9407069555302167,25.989167616875704,0.0,
181,Q3_2_47a_complete,Q3_2_47a_complete,Btn,,,,False,Off|Yes,,False,17,533.09,99.612,547.49,114.012,527.470638540479,93.70570125427594,541.0168187001141,107.25188141391106,0.9407069555302167,25.989167616875704,0.0,
182,Q3_2_47a,Q3_2_47a,Btn,49152,,,False,Yes|No,,False,17,463.484,98.827,513.883,113.681,461.99179019384263,92.96724629418472,509.40248004561005,106.94050741163056,0.9407069555302167,25.989167616875704,0.0,
183,Q3_2_47b,Q3_2_47b,Btn,49152,,,False,N/A|Yes|No,,False,18,412.247,733.738,513.019,749.343,413.79278791334093,690.2324401368302,508.5897092360319,704.9121721778791,0.9407069555302167,25.989167616875704,0.0,
184,Q3_2_comments,Q3_2_comments,Tx,4096,,,False,,,False,18,59.2032,515.447,535.723,692.48,81.68202964652224,484.8845781071836,529.9475199543899,651.4207525655645,0.9407069555302167,25.989167616875704,0.0,
185,Q3_2_rem_complete,Q3_2_rem_complete,Tx,,,,False,,,False,18,378.832,475.677,528.832,489.168,382.35906499429876,447.47266248574687,523.4651083238313,460.16374002280503,0.9407069555302167,25.989167616875704,0.0,
186,Q3_2_result,Q3_2_result,Btn,49152,,,False,Pass|No pass,,False,18,94.413,480.368,199.45,506.732,114.80413340935004,451.8855188141391,213.61316989737742,476.68631698973775,0.9407069555302167,25.989167616875704,0.0,Remediation Required
187,Q3_3_48a,Q3_3_48a,Btn,49152,,,False,Yes|No,,False,18,461.62,308.621,512.019,323.475,460.23831242873433,290.32192132269097,507.6490022805017,304.29518244013684,0.9407069555302167,25.989167616875704,0.0,
188,Q3_3_48a_complete,Q3_3_48a_complete,Btn,,,,False,Off|Yes,,False,18,532.654,309.74,547.054,324.14,527.0604903078677,291.3745724059293,540.6066704675029,304.92075256556444,0.9407069555302167,25.989167616875704,0.0,
189,Q3_3_48b_complete,Q3_3_48b_complete,Btn,,,,False,Off|Yes,,False,18,532.654,272.74,547.054,287.14,527.0604903078677,256.5684150513113,540.6066704675029,270.1145952109464,0.9407069555302167,25.989167616875704,0.0,
190,Q3_3_48b,Q3_3_48b,Btn,49152,,,False,Yes|No,,False,18,462.102,271.955,512.501,286.809,460.69173318129987,255.82996009122004,508.1024230330672,269.80322120866595,0.9407069555302167,25.989167616875704,0.0,
191,Q3_3_48c_complete,Q3_3_48c_complete,Btn,,,,False,Off|Yes,,False,18,533.136,223.074,547.536,237.474,527.5139110604332,209.84726339794756,541.0600912200684,223.39344355758266,0.9407069555302167,25.989167616875704,0.0,
192,Q3_3_48c,Q3_3_48c,Btn,49152,,,False,Yes|No,,False,18,462.102,222.116,512.501,236.97,460.69173318129987,208.94606613454962,508.1024230330672,222.91932725199544,0.9407069555302167,25.989167616875704,0.0,
193,Q3_3_48d_complete,Q3_3_48d_complete,Btn,,,,False,Off|Yes,,False,18,533.136,167.074,547.536,181.474,527.5139110604332,157.16767388825542,541.0600912200684,170.71385404789052,0.9407069555302167,25.989167616875704,0.0,
194,Q3_3_48d,Q3_3_48d,Btn,49152,,,False,Yes|No,,False,18,462.102,166.116,512.501,180.97,460.69173318129987,156.2664766248575,508.1024230330672,170.2397377423033,0.9407069555302167,25.989167616875704,0.0,
195,Q3_3_48e,Q3_3_48e,Tx,4096,,,False,,,False,19,39.6082,649.167,449.106,758.233,63.24887685290763,610.6759122006841,448.46630558722916,713.2750570125427,0.9407069555302167,25.989167616875704,0.0,
196,Q3_3_49a_complete,Q3_3_49a_complete,Btn,,,,False,Off|Yes,,False,19,532.654,617.74,547.054,632.14,527.0604903078677,581.1123147092361,540.6066704675029,594.6584948688711,0.9407069555302167,25.989167616875704,0.0,
197,Q3_3_49a,Q3_3_49a,Btn,49152,,,False,Yes|No,,False,19,462.461,617.315,512.86,632.169,461.0294469783352,580.7125142531357,508.44013683010263,594.6857753705815,0.9407069555302167,25.989167616875704,0.0,
198,Q3_3_49b,Q3_3_49b,Tx,4096,,,False,,,False,19,38.9469,301.454,448.47,491.673,62.6267873432155,283.5798745724059,447.868015963512,462.5202109464082,0.9407069555302167,25.989167616875704,0.0,
199,Q3_3_comments,Q3_3_comments,Tx,4096,,,False,,,False,19,59.5593,87.6912,536.08,264.07,82.01701539338654,82.49172177879133,530.2833523375143,248.41248574686432,0.9407069555302167,25.989167616875704,0.0,
200,Q3_3_rem_complete,Q3_3_rem_complete,Tx,,,,False,,,False,20,377.506,717.406,527.506,730.897,381.11168757126563,674.8688141391106,522.2177309007982,687.5598916761688,0.9407069555302167,25.989167616875704,0.0,
201,Q3_3_result,Q3_3_result,Btn,49152,,,False,Pass|No pass,,False,20,92.0872,722.097,198.124,748.807,112.61623717217786,679.2816704675029,212.36579247434435,704.407953249715,0.9407069555302167,25.989167616875704,0.0,Remediation Required
202,Q3_4_50a,Q3_4_50a,Btn,49152,,,False,Yes|No,,False,20,460.62,549.782,511.019,564.636,459.2976054732041,517.1837514253136,506.7082953249715,531.1570125427594,0.9407069555302167,25.989167616875704,0.0,
203,Q3_4_50a_complete,Q3_4_50a_complete,Btn,,,,False,Off|Yes,,False,20,532.654,550.74,547.054,565.14,527.0604903078677,518.0849486887115,540.6066704675029,531.6311288483466,0.9407069555302167,25.989167616875704,0.0,
204,Q3_4_50b_complete,Q3_4_50b_complete,Btn,,,,False,Off|Yes,,False,20,532.654,509.74,547.054,524.14,527.0604903078677,479.51596351197264,540.6066704675029,493.06214367160777,0.9407069555302167,25.989167616875704,0.0,
205,Q3_4_50b,Q3_4_50b,Btn,49152,,,False,Yes|No,,False,20,460.602,509.284,511.001,524.138,459.2806727480045,479.08700114025083,506.69136259977194,493.0602622576967,0.9407069555302167,25.989167616875704,0.0,
206,Q3_4_51,Q3_4_51,Btn,49152,,,False,Yes|No,,False,20,460.62,451.782,511.019,466.636,459.2976054732041,424.9944697833523,506.7082953249715,438.9677309007982,0.9407069555302167,25.989167616875704,0.0,
207,Q3_4_51_complete,Q3_4_51_complete,Btn,,,,False,Off|Yes,,False,20,532.654,452.74,547.054,467.14,527.0604903078677,425.8956670467503,540.6066704675029,439.4418472063854,0.9407069555302167,25.989167616875704,0.0,
208,Q3_4_comments,Q3_4_comments,Tx,4096,,,False,,,False,20,59.4,225.329,535.92,403.017,81.86716077537056,211.9685575826682,530.1328392246294,379.12089509692134,0.9407069555302167,25.989167616875704,0.0,
209,Q3_4_result,Q3_4_result,Btn,49152,,,False,Pass|No pass,,False,20,93.6098,190.672,199.647,217.382,114.04855758266818,179.36647662485746,213.79848916761685,204.49275940706957,0.9407069555302167,25.989167616875704,0.0,Remediation Required
210,Q3_4_rem_complete,Q3_4_rem_complete,Tx,,,,False,,,False,20,377.381,185.431,527.381,198.922,380.9940992018244,174.43623147092362,522.1001425313568,187.12730900798175,0.9407069555302167,25.989167616875704,0.0,
211,Q3_5_52,Q3_5_52,Btn,49152,,,False,Yes|No,,False,21,461.62,632.127,512.019,646.981,460.23831242873433,594.6462656784493,507.6490022805017,608.6195267958951,0.9407069555302167,25.989167616875704,0.0,
212,Q3_5_53,Q3_5_53,Btn,49152,,,False,Yes|No,,False,21,460.62,546.891,511.019,561.745,459.2976054732041,514.4641676168757,506.7082953249715,528.4374287343215,0.9407069555302167,25.989167616875704,0.0,
213,Q3_5_52_complete,Q3_5_52_complete,Btn,,,,False,Off|Yes,,False,21,532.654,632.74,547.054,647.14,527.0604903078677,595.2229190421893,540.6066704675029,608.7690992018244,0.9407069555302167,25.989167616875704,0.0,
214,Q3_5_53_complete,Q3_5_53_complete,Btn,,,,False,Off|Yes,,False,21,532.654,547.74,547.054,562.14,527.0604903078677,515.2628278221209,540.6066704675029,528.8090079817559,0.9407069555302167,25.989167616875704,0.0,
215,Q3_5_comments,Q3_5_comments,Tx,4096,,,False,,,False,21,58.3489,319.446,534.869,460.359,80.87838369441276,300.5050741163056,529.1441562143672,433.062913340935,0.9407069555302167,25.989167616875704,0.0,
216,Q3_5_result,Q3_5_result,Btn,49152,,,False,Pass|No pass,,False,21,92.5587,285.505,199.096,311.477,113.05978050171036,268.5765393386545,213.28015963511973,293.0085803876853,0.9407069555302167,25.989167616875704,0.0,Remediation Required
217,Q3_5_rem_complete,Q3_5_rem_complete,Tx,,,,False,,,False,21,377.478,279.814,527.478,293.305,381.08534777651084,263.22297605473204,522.1913911060433,275.9140535917902,0.9407069555302167,25.989167616875704,0.0,
218,audit_results,audit_results,Ch,131072, ,,True,|Pass|Remediation required,|Pass|Remediation required,False,22,142.86,705.52,536.243,725.52,160.37856328392246,663.6875712656785,530.4366875712658,682.5017103762827,0.9407069555302167,25.989167616875704,0.0,
219,audit_pass_date,audit_pass_date,Tx,,,,False,,,False,22,153.296,684.396,536.934,703.549,170.1957810718358,643.8160775370582,531.086716077537,661.8334378563284,0.9407069555302167,25.989167616875704,0.0,
220,Auditor_sig_date,Auditor_sig_date,Sig,,,,False,,,False,22,125.408,548.299,549.164,606.277,143.96134549600913,515.7886830102623,542.5915621436716,570.3289908779932,0.9407069555302167,25.989167616875704,0.0,
221,Audit_reviewer_sig_date,Audit_reviewer_sig_date,Sig,,,,False,,,False,22,125.552,444.086,548.537,504.553,144.09680729760547,417.7547890535918,542.0017388825543,474.6365165336374,0.9407069555302167,25.989167616875704,0.0,
222,BCAP_approved,BCAP_approved,Btn,,,,False,Off|Yes,,False,22,60.873,408.936,78.873,426.936,83.25282212086658,384.6889395667047,100.18554732041049,401.62166476624856,0.9407069555302167,25.989167616875704,0.0,
223,Producer_name,Producer_name,Tx,,,,False,,,False,22,103.252,296.657,543.652,317.574,123.11904218928163,279.06730330672747,537.406385404789,298.74407069555303,0.9407069555302167,25.989167616875704,0.0,
224,Producer_title,Producer_title,Tx,,,,False,,,False,22,95.2122,260.015,543.045,281.457,115.55594640820979,244.59791904218926,536.8353762827821,264.76855758266817,0.9407069555302167,25.989167616875704,0.0,
225,Producer_date,Producer_date,Tx,,,,False,,,False,22,100.575,224.587,543.591,243.741,120.60076966932725,211.27055302166477,537.3490022805017,229.28885404789054,0.9407069555302167,25.989167616875704,0.0,
