page,interactive_width,interactive_height,printed_width,printed_height,scale,dx,dy
1,595.32,841.92,612.0,792.0,0.9407069555302167,25.989167616875704,0.0
2,595.32,841.92,612.0,792.0,0.9407069555302167,25.989167616875704,0.0
3,595.32,841.92,612.0,792.0,0.9407069555302167,25.989167616875704,0.0
4,595.32,841.92,612.0,792.0,0.9407069555302167,25.989167616875704,0.0
5,595.32,841.92,612.0,792.0,0.9407069555302167,25.989167616875704,0.0
6,595.32,841.92,612.0,792.0,0.9407069555302167,25.989167616875704,0.0
7,595.32,841.92,612.0,792.0,0.9407069555302167,25.989167616875704,0.0
8,595.32,841.92,612.0,792.0,0.9407069555302167,25.989167616875704,0.0
9,595.32,841.92,612.0,792.0,0.9407069555302167,25.989167616875704,0.0
10,595.32,841.92,612.0,792.0,0.9407069555302167,25.989167616875704,0.0
11,595.32,841.92,612.0,792.0,0.9407069555302167,25.989167616875704,0.0
12,595.32,841.92,612.0,792.0,0.9407069555302167,25.989167616875704,0.0
13,595.32,841.92,612.0,792.0,0.9407069555302167,25.989167616875704,0.0
14,595.32,841.92,612.0,792.0,0.9407069555302167,25.989167616875704,0.0
15,595.32,841.92,612.0,792.0,0.9407069555302167,25.989167616875704,0.0
16,595.32,841.92,612.0,792.0,0.9407069555302167,25.989167616875704,0.0
17,595.32,841.92,612.0,792.0,0.9407069555302167,25.989167616875704,0.0
18,595.32,841.92,612.0,792.0,0.9407069555302167,25.989167616875704,0.0
19,595.32,841.92,612.0,792.0,0.9407069555302167,25.989167616875704,0.0
20,595.32,841.92,612.0,792.0,0.9407069555302167,25.989167616875704,0.0
21,595.32,841.92,612.0,792.0,0.9407069555302167,25.989167616875704,0.0
22,595.32,841.92,612.0,792.0,0.9407069555302167,25.989167616875704,0.0
