page,widget_index,field,field_type,parent_field,x1,y1,x2,y2,state_candidates,states,printed_x1,printed_y1,printed_x2,printed_y2,printed_scale,printed_dx,printed_dy
1,1,npin,Tx,,98.7708,493.394,541.211,506.594,,,118.90354618015962,464.13916761687574,535.1101197263398,476.5564994298746,0.9407069555302167,25.989167616875704,0.0
1,2,premisesfarm_name,Tx,,186.851,479.114,541.211,492.314,,,201.76120296465223,450.7058722919042,535.1101197263398,463.1232041049031,0.9407069555302167,25.989167616875704,0.0
1,3,premises_address,Tx,,167.531,464.834,541.211,478.034,,,183.58674458380844,437.2725769669327,535.1101197263398,449.68990877993156,0.9407069555302167,25.989167616875704,0.0
1,4,prem_city,Tx,,90.7308,450.554,301.451,463.754,,,111.3402622576967,423.83928164196124,309.5662200684151,436.25661345496013,0.9407069555302167,25.989167616875704,0.0
1,5,prem_county,Tx,,349.772,450.554,541.211,463.754,,,355.0221208665906,423.83928164196124,535.1101197263398,436.25661345496013,0.9407069555302167,25.989167616875704,0.0
1,6,prem_state,Tx,,98.1708,436.274,301.451,449.474,,,118.33912200684149,410.40598631698975,309.5662200684151,422.8233181299886,0.9407069555302167,25.989167616875704,0.0
1,7,prem_zip,Tx,,349.045,436.04,541.082,449.24,,,354.3382269099202,410.1858608893957,534.9887685290764,422.60319270239455,0.9407069555302167,25.989167616875704,0.0
1,8,prem_gps,Tx,,162.472,422.543,301.404,435.743,,,178.82770809578108,397.48913911060436,309.5220068415051,409.9064709236032,0.9407069555302167,25.989167616875704,0.0
1,9,prem_special_id,Tx,,120.507,408.463,301.573,421.663,,,139.35094070695553,384.24398517673893,309.68098631698973,396.66131698973777,0.9407069555302167,25.989167616875704,0.0
1,10,primary_contact_name,Tx,,98.4064,365.814,537.366,378.894,,,118.56075256556443,344.1237742303307,531.4931014823261,356.4282212086659,0.9407069555302167,25.989167616875704,0.0
1,11,primary_contact_title,Tx,,88.9265,351.534,537.366,364.734,,,109.64294469783351,330.69047890535916,531.4931014823261,343.10781071835805,0.9407069555302167,25.989167616875704,0.0
1,12,umbrella_company,Tx,,243.726,337.134,537.366,350.454,,,255.2639110604333,317.1442987457241,531.4931014823261,329.67451539338657,0.9407069555302167,25.989167616875704,0.0
1,13,primary_contact_phone,Tx,,101.046,322.854,257.608,336.054,,,121.04384264538199,303.71100342075255,268.32280501710375,316.1283352337514,0.9407069555302167,25.989167616875704,0.0
1,14,primary_alt_phone,Tx,,408.152,322.854,537.255,336.054,,,409.94059293044467,303.71100342075255,531.3886830102622,316.1283352337514,0.9407069555302167,25.989167616875704,0.0
1,15,primary_contact_email,Tx,,96.3665,308.574,537.366,321.774,,,116.64180444697833,290.27770809578107,531.4931014823261,302.69503990877996,0.9407069555302167,25.989167616875704,0.0
1,16,case_manager,Tx,,146.185,265.425,538.465,279.225,,,163.50641391106043,249.68714367160777,532.5269384264539,262.6688996579248,0.9407069555302167,25.989167616875704,0.0
1,17,case_manager_phone,Tx,,102.145,250.425,538.465,264.345,,,122.07767958950969,235.57653933865453,532.5269384264539,248.67118015963516,0.9407069555302167,25.989167616875704,0.0
1,18,case_manager_email,Tx,,97.4648,235.305,538.465,249.345,,,117.67498289623717,221.35305017103764,532.5269384264539,234.56057582668188,0.9407069555302167,25.989167616875704,0.0
1,19,auditor,Tx,,105.505,209.597,538.465,223.397,,,125.2384549600912,197.16935575826682,532.5269384264539,210.1511117445838,0.9407069555302167,25.989167616875704,0.0
1,20,auditor_phone,Tx,,102.145,194.597,538.465,208.517,,,122.07767958950969,183.05875142531357,532.5269384264539,196.15339224629417,0.9407069555302167,25.989167616875704,0.0
1,21,auditor_email,Tx,,97.4648,179.477,538.465,193.517,,,117.67498289623717,168.8352622576967,532.5269384264539,182.04278791334093,0.9407069555302167,25.989167616875704,0.0
1,22,audit_type,Ch,,125.374,151.766,539.014,165.569,,,143.9293614595211,142.76733181299886,533.04338654504,155.75190992018244,0.9407069555302167,25.989167616875704,0.0
1,23,audit_method,Ch,,138.694,136.815,539.014,150.739,,,156.45957810718357,128.70282212086659,533.04338654504,141.80122576966934,0.9407069555302167,25.989167616875704,0.0
1,24,initial_audit_date,Tx,,155.376,121.817,539.014,135.735,,,172.15245153933864,114.59409920182439,533.04338654504,127.68685860889397,0.9407069555302167,25.989167616875704,0.0
1,25,FileNameGen,Btn,,106.454,67.365,192.894,83.824,,,126.13118586088939,63.37072405929304,207.44589509692133,78.85381984036488,0.9407069555302167,25.989167616875704,0.0
1,26,FileNameField,Tx,,202.823,67.272,396.689,83.551,,,216.78617445838086,63.28323831242874,399.15726909920187,78.59700684150513,0.9407069555302167,25.989167616875704,0.0
1,27,SaveAs,Btn,,406.269,67.093,492.709,83.551,,,408.1692417331813,63.11485176738883,489.48395096921325,78.59700684150513,0.9407069555302167,25.989167616875704,0.0
3,28,Q1_1_1,Btn,Q1_1_1,461.249,261.108,475.649,275.508,Yes,Off|Yes,459.88931014823265,245.62611174458382,473.4354903078677,259.1722919042189,0.9407069555302167,25.989167616875704,0.0
3,29,Q1_1_1,Btn,Q1_1_1,497.248,261.563,511.648,275.963,No,No|Off,493.7538198403649,246.05413340935004,507.3,259.6003135689852,0.9407069555302167,25.989167616875704,0.0
3,30,Q1_1_1_complete,Btn,,532.49,261.212,546.89,275.612,Yes,Off|Yes,526.9062143671608,245.72394526795895,540.4523945267958,259.2701254275941,0.9407069555302167,25.989167616875704,0.0
3,31,Q1_1_1a,Tx,,367.864,171.184,449.791,193.184,,,372.0413911060433,161.0339794754846,449.1106898517674,181.72953249714936,0.9407069555302167,25.989167616875704,0.0
3,32,Q1_1_2,Btn,Q1_1_2,460.723,138.058,475.123,152.457,Yes,Off|Yes,459.39449828962375,129.87212086659065,472.9406784492588,143.41736031927024,0.9407069555302167,25.989167616875704,0.0
3,33,Q1_1_2,Btn,Q1_1_2,496.722,138.513,511.122,152.912,No,No|Off,493.259007981756,130.3001425313569,506.8051881413911,143.8453819840365,0.9407069555302167,25.989167616875704,0.0
3,34,Q1_1_2_complete,Btn,,532.799,138.558,547.199,152.958,Yes,Off|Yes,527.1968928164196,130.34247434435576,540.7430729760547,143.8886545039909,0.9407069555302167,25.989167616875704,0.0
4,35,Q1_1_comments,Tx,,58.9051,558.115,535.425,735.683,,,81.40160490307866,525.0226624857469,529.6671892816419,692.0621151653364,0.9407069555302167,25.989167616875704,0.0
4,36,Q1_1_result,Btn,Q1_1_result,90.4024,536.634,104.802,551.034,Pass,Off|Pass,111.03133409350056,504.8153363740023,124.57713797035348,518.3615165336374,0.9407069555302167,25.989167616875704,0.0
4,37,Q1_1_result,Btn,Q1_1_result,181.537,523.934,195.937,538.334,No pass,No pass|Off,196.76228620296465,492.8683580387685,210.30846636259977,506.4145381984036,0.9407069555302167,25.989167616875704,0.0
4,38,Q1_1_rem_complete,Tx,,377.833,518.735,527.834,532.226,,,381.41929874572406,487.97762257696695,522.5262827822121,500.6687001140251,0.9407069555302167,25.989167616875704,0.0
4,39,Q1_2_3,Btn,Q1_2_3,461.771,373.433,476.171,387.833,Yes,Off|Yes,460.3803591790194,351.2910205245154,473.9265393386545,364.83720068415056,0.9407069555302167,25.989167616875704,0.0
4,40,Q1_2_3,Btn,Q1_2_3,497.77,373.888,512.17,388.287,No,No|Off,494.24486887115165,351.71904218928165,507.7910490307867,365.2642816419612,0.9407069555302167,25.989167616875704,0.0
4,41,Q1_2_3_complete,Btn,,533.235,374.158,547.635,388.558,Yes,Off|Yes,527.6070410490308,351.9730330672748,541.1532212086659,365.5192132269099,0.9407069555302167,25.989167616875704,0.0
4,42,Q1_2_4,Btn,Q1_2_4,462.195,319.273,476.595,333.673,Yes,Off|Yes,460.7792189281642,300.3423318129989,474.3253990877993,313.888511972634,0.9407069555302167,25.989167616875704,0.0
4,43,Q1_2_4_complete,Btn,,533.956,319.722,548.356,334.122,Yes,Off|Yes,528.2852907639681,300.76470923603193,541.8314709236031,314.31088939566706,0.9407069555302167,25.989167616875704,0.0
4,44,Q1_2_4,Btn,Q1_2_4,498.194,319.727,512.594,334.127,No,No|Off,494.6437286202965,300.76941277080954,508.1899087799316,314.3155929304447,0.9407069555302167,25.989167616875704,0.0
4,45,Q1_2_5,Btn,Q1_2_5,462.931,262.14,477.331,276.54,Yes,Off|Yes,461.4715792474344,246.59692132269097,475.01775940706955,260.14310148232613,0.9407069555302167,25.989167616875704,0.0
4,46,Q1_2_5_complete,Btn,,533.956,262.722,548.356,277.122,Yes,Off|Yes,528.2852907639681,247.14441277080957,541.8314709236031,260.6905929304447,0.9407069555302167,25.989167616875704,0.0
4,47,Q1_2_5,Btn,Q1_2_5,498.93,262.595,513.33,276.995,No,No|Off,495.3360889395667,247.02494298745728,508.88226909920184,260.57112314709235,0.9407069555302167,25.989167616875704,0.0
4,48,Q1_2_6,Btn,Q1_2_6,462.931,137.304,477.331,151.704,Yes,Off|Yes,461.4715792474344,129.16282782212087,475.01775940706955,142.709007981756,0.9407069555302167,25.989167616875704,0.0
4,49,Q1_2_6_complete,Btn,,534.392,137.939,548.792,152.339,Yes,Off|Yes,528.6954389965792,129.76017673888254,542.2416191562145,143.30635689851766,0.9407069555302167,25.989167616875704,0.0
4,50,Q1_2_6,Btn,Q1_2_6,498.93,137.758,513.33,152.158,No,No|Off,495.3360889395667,129.5899087799316,508.88226909920184,143.1360889395667,0.9407069555302167,25.989167616875704,0.0
5,51,Q1_2_7,Btn,Q1_2_7,461.703,687.029,476.102,701.429,Yes,Off|Yes,460.3163911060433,646.2929589509693,473.8616305587229,659.8391391106043,0.9407069555302167,25.989167616875704,0.0
5,52,Q1_2_7_complete,Btn,,532.799,687.666,547.199,702.066,Yes,Off|Yes,527.1968928164196,646.892189281642,540.7430729760547,660.4383694412771,0.9407069555302167,25.989167616875704,0.0
5,53,Q1_2_7,Btn,Q1_2_7,497.701,687.483,512.102,701.883,No,No|Off,494.1799600912201,646.7200399087799,507.7270809578107,660.2662200684151,0.9407069555302167,25.989167616875704,0.0
5,54,Q1_2_8,Btn,Q1_2_8,461.774,553.995,476.174,568.395,Yes,Off|Yes,460.38318129988596,521.1469498289624,473.9293614595211,534.6931299885974,0.9407069555302167,25.989167616875704,0.0
5,55,Q1_2_8_complete,Btn,,533.09,554.285,547.49,568.685,Yes,Off|Yes,527.470638540479,521.4197548460661,541.0168187001141,534.9659350057012,0.9407069555302167,25.989167616875704,0.0
5,56,Q1_2_8,Btn,Q1_2_8,497.773,554.45,512.173,568.85,No,No|Off,494.24769099201825,521.5749714937286,507.7938711516534,535.1211516533638,0.9407069555302167,25.989167616875704,0.0
5,57,Q1_2_9,Btn,Q1_2_9,462.073,468.953,476.473,483.352,Yes,Off|Yes,460.6644526795895,441.14734891676164,474.2106328392246,454.69258836944124,0.9407069555302167,25.989167616875704,0.0
5,58,Q1_2_9_complete,Btn,,533.672,469.449,548.071,483.849,Yes,Off|Yes,528.0181299885976,441.6139395667047,541.563369441277,455.1601197263398,0.9407069555302167,25.989167616875704,0.0
5,59,Q1_2_9,Btn,Q1_2_9,498.072,469.408,512.472,483.807,No,No|Off,494.5289623717218,441.575370581528,508.0751425313569,455.1206100342076,0.9407069555302167,25.989167616875704,0.0
5,60,Q1_2_10a,Btn,Q1_2_10a,462.073,384.117,476.473,398.516,Yes,Off|Yes,460.6644526795895,361.34153363740023,474.2106328392246,374.8867730900798,0.9407069555302167,25.989167616875704,0.0
5,61,Q1_2_10a_complete,Btn,,532.653,384.067,547.053,398.467,Yes,Off|Yes,527.0595496009122,361.29449828962373,540.6057297605473,374.8406784492588,0.9407069555302167,25.989167616875704,0.0
5,62,Q1_2_10a,Btn,Q1_2_10a,498.072,384.57,512.472,398.971,No,No|Off,494.5289623717218,361.7676738882554,508.0751425313569,375.31479475484605,0.9407069555302167,25.989167616875704,0.0
5,63,Q1_2_10b,Btn,Q1_2_10b,462.073,354.117,476.473,368.516,Yes,Off|Yes,460.6644526795895,333.12032497149374,474.2106328392246,346.66556442417334,0.9407069555302167,25.989167616875704,0.0
5,64,Q1_2_10b,Btn,Q1_2_10b,498.072,354.57,512.472,368.971,No,No|Off,494.5289623717218,333.5464652223489,508.0751425313569,347.09358608893956,0.9407069555302167,25.989167616875704,0.0
5,65,Q1_2_10b_complete,Btn,,533.235,354.685,547.635,369.085,Yes,Off|Yes,527.6070410490308,333.6546465222349,541.1532212086659,347.20082668187,0.9407069555302167,25.989167616875704,0.0
5,66,Q1_2_10c,Btn,Q1_2_10c,462.073,325.117,476.473,339.516,Yes,Off|Yes,460.6644526795895,305.8398232611175,474.2106328392246,319.3850627137971,0.9407069555302167,25.989167616875704,0.0
5,67,Q1_2_10c_complete,Btn,,533.235,325.593,547.635,339.993,Yes,Off|Yes,527.6070410490308,306.28759977194983,541.1532212086659,319.83377993158496,0.9407069555302167,25.989167616875704,0.0
5,68,Q1_2_11,Btn,Q1_2_11,462.021,290.429,476.421,304.829,Yes,Off|Yes,460.6155359179019,273.2085803876853,474.16171607753705,286.7547605473204,0.9407069555302167,25.989167616875704,0.0
5,69,Q1_2_11_complete,Btn,,532.799,290.557,547.199,304.957,Yes,Off|Yes,527.1968928164196,273.3289908779932,540.7430729760547,286.87517103762826,0.9407069555302167,25.989167616875704,0.0
5,70,Q1_2_11,Btn,Q1_2_11,498.02,290.521,512.42,304.92,No,No|Off,494.4800456100342,273.2951254275941,508.0262257696693,286.8403648802737,0.9407069555302167,25.989167616875704,0.0
5,71,Q1_2_12,Btn,Q1_2_12,462.571,244.552,476.971,258.952,Yes,Off|Yes,461.1329247434436,230.05176738882554,474.67910490307867,243.59794754846067,0.9407069555302167,25.989167616875704,0.0
5,72,Q1_2_12_complete,Btn,,532.799,244.357,547.199,258.757,Yes,Off|Yes,527.1968928164196,229.86832953249714,540.7430729760547,243.41450969213227,0.9407069555302167,25.989167616875704,0.0
5,73,Q1_2_12,Btn,Q1_2_12,498.57,245.008,512.97,259.407,No,No|Off,494.9974344355758,230.48072976054732,508.54361459521095,244.0259692132269,0.9407069555302167,25.989167616875704,0.0
5,74,Q1_2_13,Btn,Q1_2_13,462.571,206.552,476.971,220.953,Yes,Off|Yes,461.1329247434436,194.3049030786773,474.67910490307867,207.85202394526797,0.9407069555302167,25.989167616875704,0.0
5,75,Q1_2_13_complete,Btn,,533.09,206.357,547.49,220.757,Yes,Off|Yes,527.470638540479,194.12146522234892,541.0168187001141,207.66764538198404,0.9407069555302167,25.989167616875704,0.0
5,76,Q1_2_13,Btn,Q1_2_13,498.57,207.007,512.97,221.407,No,No|Off,494.9974344355758,194.73292474344356,508.54361459521095,208.2791049030787,0.9407069555302167,25.989167616875704,0.0
5,77,Q1_2_14,Btn,Q1_2_14,462.571,163.552,476.971,177.953,Yes,Off|Yes,461.1329247434436,153.854503990878,474.67910490307867,167.40162485746865,0.9407069555302167,25.989167616875704,0.0
5,78,Q1_2_14_complete,Btn,,533.381,164.611,547.781,179.011,Yes,Off|Yes,527.7443842645382,154.85071265678448,541.2905644241732,168.3968928164196,0.9407069555302167,25.989167616875704,0.0
5,79,Q1_2_14,Btn,Q1_2_14,498.57,164.007,512.97,178.407,No,No|Off,494.9974344355758,154.28252565564424,508.54361459521095,167.82870581527936,0.9407069555302167,25.989167616875704,0.0
5,80,Q1_2_10c,Btn,Q1_2_10c,498.072,325.57,512.472,339.971,No,No|Off,494.5289623717218,306.26596351197264,508.0751425313569,319.8130843785633,0.9407069555302167,25.989167616875704,0.0
6,81,Q1_2_comments,Tx,,59.6035,558.441,536.123,736.587,,,82.05859464082097,525.3293329532497,530.3238027366021,692.9125142531357,0.9407069555302167,25.989167616875704,0.0
6,82,Q1_2_result,Btn,Q1_2_result,90.244,537.415,104.644,551.815,Pass,Off|Pass,110.88232611174458,505.55002850627136,124.4285062713797,519.0962086659066,0.9407069555302167,25.989167616875704,0.0
6,83,Q1_2_result,Btn,Q1_2_result,184.096,524.024,198.495,538.423,No pass,No pass|Off,199.1695553021665,492.95302166476625,212.71479475484605,506.49826111744585,0.9407069555302167,25.989167616875704,0.0
6,84,Q1_2_rem_complete,Tx,,378.205,519.208,528.206,532.699,,,381.7692417331813,488.4225769669327,522.8762257696694,501.11365450399086,0.9407069555302167,25.989167616875704,0.0
6,85,Q1_3_15,Btn,Q1_3_15,463.069,344.654,477.469,359.054,Yes,Off|Yes,461.60139680729765,324.2184150513113,475.1475769669327,337.76459521094637,0.9407069555302167,25.989167616875704,0.0
6,86,Q1_3_15_complete,Btn,,532.799,345.143,547.199,359.543,Yes,Off|Yes,527.1968928164196,324.67842075256556,540.7430729760547,338.2246009122007,0.9407069555302167,25.989167616875704,0.0
6,87,Q1_3_15,Btn,Q1_3_15,499.068,345.109,513.468,359.509,No,No|Off,495.4659064994299,324.6464367160775,509.01208665906495,338.1926168757127,0.9407069555302167,25.989167616875704,0.0
6,88,Q1_3_16,Btn,Q1_3_16,461.965,238.855,476.365,253.255,Yes,Off|Yes,460.56285632839223,224.6925598631699,474.10903648802736,238.23874002280502,0.9407069555302167,25.989167616875704,0.0
6,89,Q1_3_16_complete,Btn,,532.799,239.557,547.199,253.957,Yes,Off|Yes,527.1968928164196,225.3529361459521,540.7430729760547,238.89911630558723,0.9407069555302167,25.989167616875704,0.0
6,90,Q1_3_16,Btn,Q1_3_16,497.964,239.31,512.364,253.71,No,No|Off,494.4273660205245,225.12058152793614,507.97354618015964,238.66676168757127,0.9407069555302167,25.989167616875704,0.0
7,91,Q1_3_comments,Tx,,59.4391,558.807,535.959,737.073,,,81.9039424173318,525.6736316989738,530.1695267958951,693.3696978335233,0.9407069555302167,25.989167616875704,0.0
7,92,Q1_3_result,Btn,Q1_3_result,90.3847,537.464,104.785,551.864,Pass,Off|Pass,111.01468358038767,505.59612314709244,124.56114595210946,519.1423033067275,0.9407069555302167,25.989167616875704,0.0
7,93,Q1_3_rem_complete,Tx,,377.885,519.084,527.886,532.575,,,381.4682155074116,488.3059293044469,522.5751995438995,500.9970068415052,0.9407069555302167,25.989167616875704,0.0
7,94,Q1_3_result,Btn,Q1_3_result,182.022,523.755,196.422,538.155,No pass,No pass|Off,197.2185290763968,492.69997149372864,210.7647092360319,506.2461516533637,0.9407069555302167,25.989167616875704,0.0
7,95,Q1_4_17a,Btn,Q1_4_17a,462.805,346.171,477.205,360.571,Yes,Off|Yes,461.35305017103764,325.64546750285064,474.8992303306727,339.19164766248576,0.9407069555302167,25.989167616875704,0.0
7,96,Q1_4_17a_complete,Btn,,532.944,346.775,547.344,361.175,Yes,Off|Yes,527.3332953249715,326.2136545039909,540.8794754846067,339.759834663626,0.9407069555302167,25.989167616875704,0.0
7,97,Q1_4_17a,Btn,Q1_4_17a,498.804,346.626,513.204,361.026,No,No|Off,495.21755986316987,326.07348916761686,508.763740022805,339.619669327252,0.9407069555302167,25.989167616875704,0.0
7,98,Q1_4_17b,Btn,Q1_4_17b,462.319,304.104,476.719,318.504,Yes,Off|Yes,460.89586659065,286.072748004561,474.44204675028504,299.6189281641961,0.9407069555302167,25.989167616875704,0.0
7,99,Q1_4_17b_complete,Btn,,533.235,304.594,547.635,318.994,Yes,Off|Yes,527.6070410490308,286.5336944127708,541.1532212086659,300.07987457240597,0.9407069555302167,25.989167616875704,0.0
7,100,Q1_4_17b,Btn,Q1_4_17b,498.318,304.558,512.718,318.958,No,No|Off,494.7603762827822,286.49982896237174,508.3065564424173,300.04600912200686,0.9407069555302167,25.989167616875704,0.0
7,101,Q1_4_17d,Btn,Q1_4_17d,462.231,268.864,476.631,283.264,Yes,Off|Yes,460.8130843785633,252.92223489167614,474.3592645381984,266.4684150513113,0.9407069555302167,25.989167616875704,0.0
7,102,Q1_4_17d_complete,Btn,,533.09,269.139,547.49,283.539,Yes,Off|Yes,527.470638540479,253.18092930444698,541.0168187001141,266.7271094640821,0.9407069555302167,25.989167616875704,0.0
7,103,Q1_4_17d,Btn,Q1_4_17d,498.23,269.319,512.63,283.719,No,No|Off,494.6775940706956,253.35025655644245,508.22377423033066,266.8964367160775,0.9407069555302167,25.989167616875704,0.0
7,104,Q1_4_17e,Btn,Q1_4_17e,462.231,209.864,476.631,224.264,Yes,Off|Yes,460.8130843785633,197.4205245153934,474.3592645381984,210.96670467502852,0.9407069555302167,25.989167616875704,0.0
7,105,Q1_4_17e_complete,Btn,,533.235,209.467,547.635,223.867,Yes,Off|Yes,527.6070410490308,197.0470638540479,541.1532212086659,210.593244013683,0.9407069555302167,25.989167616875704,0.0
7,106,Q1_4_17e,Btn,Q1_4_17e,498.23,210.319,512.63,224.719,No,No|Off,494.6775940706956,197.84854618015962,508.22377423033066,211.39472633979474,0.9407069555302167,25.989167616875704,0.0
8,107,Q1_4_17c,Btn,Q1_4_17c,462.304,702.397,476.704,716.797,Yes,Off|Yes,460.881755986317,660.7497434435577,474.4279361459521,674.2959236031927,0.9407069555302167,25.989167616875704,0.0
8,108,Q1_4_17c,Btn,Q1_4_17c,498.303,702.852,512.703,717.252,No,No|Off,494.7462656784493,661.1777651083238,508.29244583808435,674.7239452679589,0.9407069555302167,25.989167616875704,0.0
8,109,Q1_4_18,Btn,Q1_4_18,462.137,665.323,476.537,679.723,Yes,Off|Yes,460.72465792474344,625.8739737742303,474.27083808437857,639.4201539338654,0.9407069555302167,25.989167616875704,0.0
8,110,Q1_4_18_complete,Btn,,533.09,666.429,547.49,680.829,Yes,Off|Yes,527.470638540479,626.9143956670467,541.0168187001141,640.4605758266819,0.9407069555302167,25.989167616875704,0.0
8,111,Q1_4_18,Btn,Q1_4_18,498.136,665.778,512.536,680.178,No,No|Off,494.5891676168757,626.3019954389966,508.1353477765108,639.8481755986317,0.9407069555302167,25.989167616875704,0.0
8,112,Q1_4_19,Btn,Q1_4_19,462.137,610.559,476.537,624.959,Yes,Off|Yes,460.72465792474344,574.3570980615735,474.27083808437857,587.9032782212087,0.9407069555302167,25.989167616875704,0.0
8,113,Q1_4_19_complete,Btn,,532.799,611.375,547.199,625.775,Yes,Off|Yes,527.1968928164196,575.1247149372862,540.7430729760547,588.6708950969213,0.9407069555302167,25.989167616875704,0.0
8,114,Q1_4_19,Btn,Q1_4_19,498.136,611.014,512.536,625.414,No,No|Off,494.5891676168757,574.7851197263398,508.1353477765108,588.3312998859749,0.9407069555302167,25.989167616875704,0.0
8,115,Q1_4_comments,Tx,,59.3219,384.329,535.842,562.475,,,81.79369156214366,361.5409635119726,530.059464082098,529.1241448118586,0.9407069555302167,25.989167616875704,0.0
8,116,Q1_4_result,Btn,Q1_4_result,90.244,363.64,104.644,378.04,Pass,Off|Pass,110.88232611174458,342.07867730900796,124.4285062713797,355.62485746864314,0.9407069555302167,25.989167616875704,0.0
8,117,Q1_4_result,Btn,Q1_4_result,181.881,349.931,196.281,364.331,No pass,No pass|Off,197.08588939566704,329.1825256556442,210.63206955530217,342.7287058152794,0.9407069555302167,25.989167616875704,0.0
8,118,Q1_4_rem_complete,Tx,,377.803,344.558,527.803,358.048,,,381.39107753705815,324.12810718358037,522.4971208665906,336.818244013683,0.9407069555302167,25.989167616875704,0.0
8,119,Q1_5_20a,Btn,Q1_5_20a,462.806,193.253,477.206,207.653,Yes,Off|Yes,461.3539908779931,181.79444127708095,474.9001710376283,195.34062143671608,0.9407069555302167,25.989167616875704,0.0
8,120,Q1_5_20a_complete,Btn,,533.09,194.429,547.49,208.829,Yes,Off|Yes,527.470638540479,182.9007126567845,541.0168187001141,196.44689281641962,0.9407069555302167,25.989167616875704,0.0
8,121,Q1_5_20a,Btn,Q1_5_20a,498.805,193.708,513.205,208.108,No,No|Off,495.21850057012546,182.2224629418472,508.7646807297606,195.76864310148233,0.9407069555302167,25.989167616875704,0.0
8,122,Q1_5_20b,Btn,Q1_5_20b,462.497,129.447,476.898,143.847,Yes,Off|Yes,461.0633124287343,121.77169327251995,474.610433295325,135.3178734321551,0.9407069555302167,25.989167616875704,0.0
8,123,Q1_5_20b_complete,Btn,,532.762,130.588,547.161,144.988,Yes,Off|Yes,527.1620866590649,122.84503990877992,540.7073261117446,136.39122006841507,0.9407069555302167,25.989167616875704,0.0
8,124,Q1_5_20b,Btn,Q1_5_20b,498.497,129.902,512.896,144.302,No,No|Off,494.92876282782214,122.19971493728619,508.4740022805017,135.74589509692132,0.9407069555302167,25.989167616875704,0.0
9,125,Q1_5_20c,Btn,Q1_5_20c,462.826,727.288,477.226,741.688,Yes,Off|Yes,461.37280501710376,684.1648802736602,474.9189851767389,697.7110604332953,0.9407069555302167,25.989167616875704,0.0
9,126,Q1_5_20c_complete,Btn,,533.09,728.429,547.49,742.829,Yes,Off|Yes,527.470638540479,685.2382269099202,541.0168187001141,698.7844070695553,0.9407069555302167,25.989167616875704,0.0
9,127,Q1_5_20c,Btn,Q1_5_20c,498.825,727.743,513.225,742.143,No,No|Off,495.23731470923605,684.5929019384265,508.7834948688712,698.1390820980616,0.9407069555302167,25.989167616875704,0.0
9,128,Q1_5_21a,Btn,Q1_5_21a,462.826,667.288,477.226,681.688,Yes,Off|Yes,461.37280501710376,627.7224629418472,474.9189851767389,641.2686431014823,0.9407069555302167,25.989167616875704,0.0
9,129,Q1_5_21a_complete,Btn,,533.235,668.557,547.635,682.957,Yes,Off|Yes,527.6070410490308,628.9162200684151,541.1532212086659,642.4624002280502,0.9407069555302167,25.989167616875704,0.0
9,130,Q1_5_21a,Btn,Q1_5_21a,498.825,667.743,513.225,682.143,No,No|Off,495.23731470923605,628.1504846066135,508.7834948688712,641.6966647662487,0.9407069555302167,25.989167616875704,0.0
9,131,Q1_5_21b,Btn,Q1_5_21b,462.826,631.288,477.226,645.688,Yes,Off|Yes,461.37280501710376,593.8570125427594,474.9189851767389,607.4031927023946,0.9407069555302167,25.989167616875704,0.0
9,132,Q1_5_201b_complete,Btn,,533.09,632.048,547.49,646.448,Yes,Off|Yes,527.470638540479,594.5719498289624,541.0168187001141,608.1181299885975,0.9407069555302167,25.989167616875704,0.0
9,133,Q1_5_21b,Btn,Q1_5_21b,498.825,631.743,513.225,646.143,No,No|Off,495.23731470923605,594.2850342075258,508.7834948688712,607.8312143671608,0.9407069555302167,25.989167616875704,0.0
9,134,Q1_5_22,Btn,Q1_5_22,462.826,566.288,477.226,580.688,Yes,Off|Yes,461.37280501710376,532.7110604332953,474.9189851767389,546.2572405929304,0.9407069555302167,25.989167616875704,0.0
9,135,Q1_5_22_complete,Btn,,533.817,566.612,548.217,581.012,Yes,Off|Yes,528.1545324971494,533.0158494868871,541.7007126567844,546.5620296465222,0.9407069555302167,25.989167616875704,0.0
9,136,Q1_5_22,Btn,Q1_5_22,498.825,566.743,513.225,581.143,No,No|Off,495.23731470923605,533.1390820980616,508.7834948688712,546.6852622576968,0.9407069555302167,25.989167616875704,0.0
9,137,Q1_5_comments,Tx,,59.5594,333.08,536.08,512.356,,,82.0171094640821,313.33067274800453,530.2833523375143,481.9768529076397,0.9407069555302167,25.989167616875704,0.0
9,138,Q1_5_result,Btn,Q1_5_result,91.5185,312.607,105.919,327.007,Pass,Off|Pass,112.08125712656783,294.07157924743444,125.62790763968071,307.61775940706957,0.9407069555302167,25.989167616875704,0.0
9,139,Q1_5_result,Btn,Q1_5_result,182.756,299.345,197.156,313.745,No pass,No pass|Off,197.909007981756,281.5959236031927,211.45518814139112,295.14210376282784,0.9407069555302167,25.989167616875704,0.0
9,140,Q1_5_rem_complete,Tx,,377.54,294.708,527.54,308.198,,,381.14367160775373,277.2338654503991,522.2497149372862,289.92400228050167,0.9407069555302167,25.989167616875704,0.0
9,141,Q1_6_23,Btn,Q1_6_23,462.232,158.216,476.633,172.616,Yes,Off|Yes,460.81402508551884,148.83489167616878,474.36114595210944,162.38107183580388,0.9407069555302167,25.989167616875704,0.0
9,142,Q1_6_23_complete,Btn,,533.007,158.927,547.406,173.327,Yes,Off|Yes,527.3925598631698,149.50373432155072,540.9377993158494,163.04991448118585,0.9407069555302167,25.989167616875704,0.0
9,143,Q1_6_23,Btn,Q1_6_23,498.232,158.671,512.632,173.071,No,No|Off,494.67947548460666,149.262913340935,508.22565564424167,162.80909350057013,0.9407069555302167,25.989167616875704,0.0
10,144,Q1_6_24,Btn,Q1_6_24,463.316,719.955,477.716,734.355,Yes,Off|Yes,461.83375142531355,677.2666761687572,475.3799315849487,690.8128563283923,0.9407069555302167,25.989167616875704,0.0
10,145,Q1_6_24_complete,Btn,,532.799,720.394,547.199,734.794,Yes,Off|Yes,527.1968928164196,677.6796465222349,540.7430729760547,691.22582668187,0.9407069555302167,25.989167616875704,0.0
10,146,Q1_6_24,Btn,Q1_6_24,499.315,720.41,513.715,734.81,No,No|Off,495.69826111744584,677.6946978335234,509.24444127708097,691.2408779931585,0.9407069555302167,25.989167616875704,0.0
10,147,Q1_6_25,Btn,Q1_6_25,462.529,472.056,476.929,486.456,Yes,Off|Yes,461.0934150513113,444.06636259977194,474.63959521094637,457.6125427594071,0.9407069555302167,25.989167616875704,0.0
10,148,Q1_6_25_complete,Btn,,533.09,473.429,547.49,487.829,Yes,Off|Yes,527.470638540479,445.3579532497149,541.0168187001141,458.9041334093501,0.9407069555302167,25.989167616875704,0.0
10,149,Q1_6_25,Btn,Q1_6_25,498.528,472.511,512.928,486.911,No,No|Off,494.9579247434436,444.4943842645382,508.50410490307866,458.04056442417334,0.9407069555302167,25.989167616875704,0.0
10,150,Q1_6_26,Btn,Q1_6_26,378.68,411.12,393.079,425.52,N/A,N/A|Off,382.21607753705814,386.7434435575827,395.76131698973774,400.28962371721775,0.9407069555302167,25.989167616875704,0.0
10,151,Q1_6_26_complete,Btn,,533.09,422.429,547.49,436.829,Yes,Off|Yes,527.470638540479,397.38189851767385,541.0168187001141,410.92807867730903,0.9407069555302167,25.989167616875704,0.0
10,152,Q1_6_26,Btn,Q1_6_26,462.529,421.428,476.929,435.828,Yes,Off|Yes,461.0934150513113,396.44025085518814,474.63959521094637,409.98643101482327,0.9407069555302167,25.989167616875704,0.0
10,153,Q1_6_26,Btn,Q1_6_26,498.528,421.883,512.928,436.283,No,No|Off,494.9579247434436,396.86827251995436,508.50410490307866,410.41445267958954,0.9407069555302167,25.989167616875704,0.0
10,154,Q1_6_comments,Tx,,58.9888,196.909,535.509,373.175,,,81.48034207525654,185.23366590649943,529.7462086659066,351.0483181299886,0.9407069555302167,25.989167616875704,0.0
10,155,Q1_6_result,Btn,Q1_6_result,91.0663,174.452,105.466,188.852,Pass,Off|Pass,111.65586944127708,164.10820980615736,125.20176738882553,177.6543899657925,0.9407069555302167,25.989167616875704,0.0
10,156,Q1_6_result,Btn,Q1_6_result,181.703,162.488,196.103,176.888,No pass,No pass|Off,196.91844355758266,152.85359179019383,210.4646237172178,166.39977194982896,0.9407069555302167,25.989167616875704,0.0
10,157,Q1_6_rem_complete,Tx,,378.013,157.329,528.013,170.82,,,381.5886259977195,148.00048460661347,522.6946693272521,160.6915621436716,0.9407069555302167,25.989167616875704,0.0
11,158,Q1_7_27,Btn,Q1_7_27,461.907,631.41,476.307,645.81,Yes,Off|Yes,460.50829532497147,593.971778791334,474.0544754846066,607.5179589509692,0.9407069555302167,25.989167616875704,0.0
11,159,Q1_7_27_complete,Btn,,533.09,632.429,547.49,646.829,Yes,Off|Yes,527.470638540479,594.9303591790193,541.0168187001141,608.4765393386544,0.9407069555302167,25.989167616875704,0.0
11,160,Q1_7_27,Btn,Q1_7_27,497.906,631.864,512.306,646.264,No,No|Off,494.37280501710376,594.3988597491449,507.91898517673894,607.9450399087799,0.9407069555302167,25.989167616875704,0.0
11,161,Q1_7_28,Btn,Q1_7_28,462.3,590.328,476.7,604.728,Yes,Off|Yes,460.87799315849486,555.3256556442417,474.42417331813,568.8718358038768,0.9407069555302167,25.989167616875704,0.0
11,162,Q1_7_28_complete,Btn,,533.235,591.23,547.635,605.63,Yes,Off|Yes,527.6070410490308,556.17417331813,541.1532212086659,569.7203534777651,0.9407069555302167,25.989167616875704,0.0
11,163,Q1_7_28,Btn,Q1_7_28,498.299,590.782,512.699,605.182,No,No|Off,494.7425028506271,555.7527366020526,508.2886830102622,569.2989167616876,0.9407069555302167,25.989167616875704,0.0
11,164,Q1_7_29,Btn,Q1_7_29,462.3,546.874,476.7,561.274,Yes,Off|Yes,460.87799315849486,514.4481755986317,474.42417331813,527.9943557582668,0.9407069555302167,25.989167616875704,0.0
11,165,Q1_7_29_complete,Btn,,532.653,547.302,547.053,561.702,Yes,Off|Yes,527.0595496009122,514.8507981755987,540.6057297605473,528.3969783352337,0.9407069555302167,25.989167616875704,0.0
11,166,Q1_7_29,Btn,Q1_7_29,498.299,547.328,512.699,561.728,No,No|Off,494.7425028506271,514.8752565564424,508.2886830102622,528.4214367160776,0.9407069555302167,25.989167616875704,0.0
11,167,Q1_7_30,Btn,Q1_7_30,461.716,488.944,476.116,503.344,Yes,Off|Yes,460.3286202964652,459.95302166476625,473.87480045610033,473.4992018244014,0.9407069555302167,25.989167616875704,0.0
11,168,Q1_7_30_complete,Btn,,533.381,489.848,547.781,504.248,Yes,Off|Yes,527.7443842645382,460.80342075256556,541.2905644241732,474.3496009122007,0.9407069555302167,25.989167616875704,0.0
11,169,Q1_7_30,Btn,Q1_7_30,497.715,489.398,512.115,503.798,No,No|Off,494.1931299885975,460.380102622577,507.7393101482326,473.92628278221207,0.9407069555302167,25.989167616875704,0.0
11,170,Q1_7_31,Btn,Q1_7_31,461.716,424.944,476.116,439.344,Yes,Off|Yes,460.3286202964652,399.7477765108324,473.87480045610033,413.2939566704675,0.9407069555302167,25.989167616875704,0.0
11,171,Q1_7_31_complete,Btn,,533.235,425.848,547.635,440.248,Yes,Off|Yes,527.6070410490308,400.5981755986317,541.1532212086659,414.14435575826684,0.9407069555302167,25.989167616875704,0.0
11,172,Q1_7_31,Btn,Q1_7_31,497.715,425.398,512.115,439.798,No,No|Off,494.1931299885975,400.17485746864315,507.7393101482326,413.7210376282782,0.9407069555302167,25.989167616875704,0.0
11,173,Q1_7_comments,Tx,,59.5596,198.388,536.079,375.682,,,82.0172976054732,186.62497149372862,530.2824116305587,353.40667046750286,0.9407069555302167,25.989167616875704,0.0
11,174,Q1_7_result,Btn,Q1_7_result,94.6097,176.583,109.01,190.983,Pass,Off|Pass,114.98917046750284,166.11285632839224,128.53563283922463,179.65903648802737,0.9407069555302167,25.989167616875704,0.0
11,175,Q1_7_result,Btn,Q1_7_result,184.551,162.303,198.951,176.703,No pass,No pass|Off,199.5975769669327,152.67956100342076,213.14375712656783,166.2257411630559,0.9407069555302167,25.989167616875704,0.0
11,176,Q1_7_rem_complete,Tx,,378.483,158.917,528.483,172.408,,,382.0307582668187,149.49432725199543,523.1368015963511,162.1854047890536,0.9407069555302167,25.989167616875704,0.0
12,177,Q2_1_32,Btn,Q2_1_32,462.0,582.215,476.4,596.615,Yes,Off|Yes,460.5957810718358,547.6937001140251,474.1419612314709,561.2398802736602,0.9407069555302167,25.989167616875704,0.0
12,178,Q2_1_32_complete,Btn,,533.09,583.612,547.49,598.012,Yes,Off|Yes,527.470638540479,549.0078677309008,541.0168187001141,562.5540478905359,0.9407069555302167,25.989167616875704,0.0
12,179,Q2_1_32,Btn,Q2_1_32,497.999,582.669,512.399,597.069,No,No|Off,494.4602907639681,548.1207810718358,508.0064709236032,561.6669612314709,0.9407069555302167,25.989167616875704,0.0
12,180,Q2_1_33a,Btn,Q2_1_33a,308.988,498.829,323.388,513.229,N/A,N/A|Off,316.6563283922463,469.25190992018247,330.2025085518814,482.7980900798176,0.9407069555302167,25.989167616875704,0.0
12,181,Q2_1_33a,Btn,Q2_1_33a,462.34,498.789,476.74,513.189,Yes,Off|Yes,460.91562143671604,469.21428164196124,474.4618015963512,482.7604618015963,0.9407069555302167,25.989167616875704,0.0
12,182,Q2_1_33a,Btn,Q2_1_33a,498.339,499.243,512.739,513.643,No,No|Off,494.7801311288483,469.6413625997719,508.3263112884835,483.1875427594071,0.9407069555302167,25.989167616875704,0.0
12,183,Q2_1_33b,Btn,Q2_1_33b,190.988,471.829,205.388,486.229,N/A,N/A|Off,205.65290763968073,443.8528221208666,219.19908779931586,457.3990022805017,0.9407069555302167,25.989167616875704,0.0
12,184,Q2_1_33b,Btn,Q2_1_33b,462.34,472.789,476.74,487.189,Yes,Off|Yes,460.91562143671604,444.7559007981756,474.4618015963512,458.30208095781074,0.9407069555302167,25.989167616875704,0.0
12,185,Q2_1_33b,Btn,Q2_1_33b,498.339,473.243,512.739,487.643,No,No|Off,494.7801311288483,445.1829817559863,508.3263112884835,458.72916191562143,0.9407069555302167,25.989167616875704,0.0
12,186,Q2_1_33c,Btn,Q2_1_33c,462.34,446.789,476.74,461.189,Yes,Off|Yes,460.91562143671604,420.29751995438994,474.4618015963512,433.8437001140251,0.9407069555302167,25.989167616875704,0.0
12,187,Q2_1_33c_complete,Btn,,533.235,447.722,547.635,462.122,Yes,Off|Yes,527.6070410490308,421.1751995438996,541.1532212086659,434.7213797035348,0.9407069555302167,25.989167616875704,0.0
12,188,Q2_1_33c,Btn,Q2_1_33c,498.339,447.243,512.739,461.643,No,No|Off,494.7801311288483,420.7246009122007,508.3263112884835,434.27078107183576,0.9407069555302167,25.989167616875704,0.0
12,189,Q2_1_33d,Btn,Q2_1_33d,462.34,412.789,476.74,427.189,Yes,Off|Yes,460.91562143671604,388.3134834663626,474.4618015963512,401.85966362599777,0.9407069555302167,25.989167616875704,0.0
12,190,Q2_1_33d,Btn,Q2_1_33d,498.339,413.243,512.739,427.643,No,No|Off,494.7801311288483,388.74056442417333,508.3263112884835,402.2867445838084,0.9407069555302167,25.989167616875704,0.0
12,191,Q2_1_33e,Tx,,39.2859,260.618,449.09,362.531,,,62.94568700114024,245.165165336374,448.4512542759407,341.035433295325,0.9407069555302167,25.989167616875704,0.0
13,192,Q2_1_comments,Tx,,59.3391,559.376,535.859,735.972,,,81.80987172177879,526.2088939566704,530.0754561003421,692.3339794754846,0.9407069555302167,25.989167616875704,0.0
13,193,Q2_1_result,Btn,Q2_1_result,92.9722,535.998,107.373,550.398,Pass,Off|Pass,113.44876282782211,504.21704675028514,126.99569555302166,517.7632269099203,0.9407069555302167,25.989167616875704,0.0
13,194,Q2_1_result,Btn,Q2_1_result,183.61,524.034,198.01,538.434,No pass,No pass|Off,198.7123717217788,492.9624287343216,212.2585518814139,506.50860889395665,0.9407069555302167,25.989167616875704,0.0
13,195,Q2_1_rem_complete,Tx,,377.392,519.343,527.392,532.834,,,381.00444697833524,488.54957240592927,522.1104903078678,501.24064994298743,0.9407069555302167,25.989167616875704,0.0
13,196,Q2_2_34,Btn,Q2_2_34,462.519,378.518,476.919,392.918,Yes,Off|Yes,461.084007981756,356.07451539338655,474.6301881413911,369.6206955530217,0.9407069555302167,25.989167616875704,0.0
13,197,Q2_2_34_complete,Btn,,532.782,379.614,547.182,394.014,Yes,Off|Yes,527.1809007981756,357.10553021664765,540.7270809578108,370.6517103762828,0.9407069555302167,25.989167616875704,0.0
13,198,Q2_2_34,Btn,Q2_2_34,498.518,378.972,512.918,393.372,No,No|Off,494.9485176738882,356.50159635119724,508.4946978335234,370.0477765108324,0.9407069555302167,25.989167616875704,0.0
13,199,Q2_2_35a,Btn,Q2_2_35a,462.62,218.618,477.02,233.018,Yes,Off|Yes,461.17901938426456,205.6554732041049,474.72519954389963,219.20165336374004,0.9407069555302167,25.989167616875704,0.0
13,200,Q2_2_35a_complete,Btn,,533.235,218.721,547.635,233.121,Yes,Off|Yes,527.6070410490308,205.75236602052453,541.1532212086659,219.29854618015963,0.9407069555302167,25.989167616875704,0.0
13,201,Q2_2_35a,Btn,Q2_2_35a,498.619,219.072,513.019,233.472,No,No|Off,495.04352907639685,206.08255416191562,508.5897092360319,219.62873432155075,0.9407069555302167,25.989167616875704,0.0
14,202,Q2_2_35b,Btn,Q2_2_35b,462.62,636.618,477.02,651.018,Yes,Off|Yes,461.17901938426456,598.8709806157356,474.72519954389963,612.4171607753706,0.9407069555302167,25.989167616875704,0.0
14,203,Q2_2_35b_complete,Btn,,533.09,637.267,547.49,651.667,Yes,Off|Yes,527.470638540479,599.4814994298746,541.0168187001141,613.0276795895097,0.9407069555302167,25.989167616875704,0.0
14,204,Q2_2_35b,Btn,Q2_2_35b,498.619,637.072,513.019,651.472,No,No|Off,495.04352907639685,599.2980615735462,508.5897092360319,612.8442417331813,0.9407069555302167,25.989167616875704,0.0
14,205,Q2_2_35c,Btn,Q2_2_35c,462.62,571.618,477.02,586.018,Yes,Off|Yes,461.17901938426456,537.7250285062714,474.72519954389963,551.2712086659066,0.9407069555302167,25.989167616875704,0.0
14,206,Q2_2_35c,Btn,Q2_2_35c,498.619,572.072,513.019,586.472,No,No|Off,495.04352907639685,538.1521094640821,508.5897092360319,551.6982896237172,0.9407069555302167,25.989167616875704,0.0
14,207,Q2_2_35c_complete,Btn,,532.944,572.831,547.344,587.231,Yes,Off|Yes,527.3332953249715,538.8661060433295,540.8794754846067,552.4122862029647,0.9407069555302167,25.989167616875704,0.0
14,208,Q2_2_comments,Tx,,59.4,284.992,535.92,463.869,,,81.86716077537056,268.09395667046755,530.1328392246294,436.3647947548461,0.9407069555302167,25.989167616875704,0.0
14,209,Q2_2_result,Btn,Q2_2_result,94.6098,262.294,109.01,276.694,Pass,Off|Pass,114.9892645381984,246.74179019384263,128.53563283922463,260.28797035347776,0.9407069555302167,25.989167616875704,0.0
14,210,Q2_2_result,Btn,Q2_2_result,185.247,250.33,199.647,264.73,No pass,No pass|Off,200.25230900798175,235.48717217787916,213.79848916761685,249.0333523375143,0.9407069555302167,25.989167616875704,0.0
14,211,Q2_2_rem_complete,Tx,,379.029,245.639,529.029,259.13,,,382.54438426453817,231.0743158494869,523.6504275940706,243.76539338654504,0.9407069555302167,25.989167616875704,0.0
14,212,Q2_3_36,Btn,Q2_3_36,460.62,97.946,475.02,112.346,Yes,Off|Yes,459.2976054732041,92.1384834663626,472.84378563283923,105.68466362599773,0.9407069555302167,25.989167616875704,0.0
14,213,Q2_3_36_complete,Btn,,533.09,98.612,547.49,113.012,Yes,Off|Yes,527.470638540479,92.76499429874572,541.0168187001141,106.31117445838085,0.9407069555302167,25.989167616875704,0.0
14,214,Q2_3_36,Btn,Q2_3_36,496.619,98.4,511.019,112.8,No,No|Off,493.1621151653364,92.56556442417333,506.7082953249715,106.11174458380843,0.9407069555302167,25.989167616875704,0.0
15,215,Q2_3_comments,Tx,,59.4,500.84,535.92,679.062,,,81.86716077537056,471.1436716077537,530.1328392246294,638.79834663626,0.9407069555302167,25.989167616875704,0.0
15,216,Q2_3_result,Btn,Q2_3_result,94.6098,478.79,109.01,493.19,Pass,Off|Pass,114.9892645381984,450.4010832383125,128.53563283922463,463.94726339794755,0.9407069555302167,25.989167616875704,0.0
15,217,Q2_3_result,Btn,Q2_3_result,185.247,466.826,199.647,481.226,No pass,No pass|Off,200.25230900798175,439.1464652223489,213.79848916761685,452.69264538198405,0.9407069555302167,25.989167616875704,0.0
15,218,Q2_3_rem_complete,Tx,,376.927,460.558,526.927,474.049,,,380.5670182440137,433.2501140250855,521.6730615735462,445.9411915621437,0.9407069555302167,25.989167616875704,0.0
15,219,Q3_1_37,Btn,Q3_1_37,461.312,254.179,475.712,268.579,Yes,Off|Yes,459.948574686431,239.10795324971494,473.49475484606614,252.65413340935007,0.9407069555302167,25.989167616875704,0.0
15,220,Q3_1_37_complete,Btn,,533.782,254.512,548.182,268.912,Yes,Off|Yes,528.1216077537058,239.4212086659065,541.667787913341,252.9673888255416,0.9407069555302167,25.989167616875704,0.0
15,221,Q3_1_37,Btn,Q3_1_37,497.311,254.633,511.711,269.033,No,No|Off,493.81308437856325,239.53503420752565,507.35926453819843,253.08121436716078,0.9407069555302167,25.989167616875704,0.0
15,222,Q3_1_38,Btn,Q3_1_38,460.62,114.334,475.02,128.734,Yes,Off|Yes,459.2976054732041,107.55478905359179,472.84378563283923,121.10096921322692,0.9407069555302167,25.989167616875704,0.0
15,223,Q3_1_38_complete,Btn,,533.235,113.921,547.635,128.321,Yes,Off|Yes,527.6070410490308,107.16627708095781,541.1532212086659,120.71245724059293,0.9407069555302167,25.989167616875704,0.0
15,224,Q3_1_38,Btn,Q3_1_38,496.619,114.788,511.019,129.188,No,No|Off,493.1621151653364,107.9818700114025,506.7082953249715,121.52805017103762,0.9407069555302167,25.989167616875704,0.0
16,225,Q3_1_39,Btn,Q3_1_39,460.62,728.643,475.02,743.043,Yes,Off|Yes,459.2976054732041,685.4395381984037,472.84378563283923,698.9857183580388,0.9407069555302167,25.989167616875704,0.0
16,226,Q3_1_39_complete,Btn,,533.09,729.612,547.49,744.012,Yes,Off|Yes,527.470638540479,686.3510832383124,541.0168187001141,699.8972633979475,0.9407069555302167,25.989167616875704,0.0
16,227,Q3_1_39,Btn,Q3_1_39,496.619,729.097,511.019,743.497,No,No|Off,493.1621151653364,685.8666191562144,506.7082953249715,699.4127993158495,0.9407069555302167,25.989167616875704,0.0
16,228,Q3_1_comments,Tx,,59.4,500.293,535.92,677.861,,,81.86716077537056,470.6291049030787,530.1328392246294,637.6685575826682,0.9407069555302167,25.989167616875704,0.0
16,229,Q3_1_result,Btn,Q3_1_result,93.6098,477.123,108.01,491.523,Pass,Off|Pass,114.04855758266818,448.8329247434435,127.59492588369442,462.3791049030787,0.9407069555302167,25.989167616875704,0.0
16,230,Q3_1_result,Btn,Q3_1_result,184.247,465.159,198.647,479.559,No pass,No pass|Off,199.31160205245155,437.57830672748,212.85778221208665,451.1244868871152,0.9407069555302167,25.989167616875704,0.0
16,231,Q3_1_rem_complete,Tx,,378.029,460.468,528.029,473.959,,,381.603677309008,433.16545039908783,522.7097206385405,445.85652793614594,0.9407069555302167,25.989167616875704,0.0
16,232,Q3_2_40,Btn,Q3_2_40,459.881,319.005,474.281,333.405,Yes,Off|Yes,458.6024230330672,300.09022234891677,472.1486031927024,313.63640250855184,0.9407069555302167,25.989167616875704,0.0
16,233,Q3_2_40_complete,Btn,,533.09,319.612,547.49,334.012,Yes,Off|Yes,527.470638540479,300.6612314709236,541.0168187001141,314.20741163055874,0.9407069555302167,25.989167616875704,0.0
16,234,Q3_2_40,Btn,Q3_2_40,495.88,319.459,510.28,333.859,No,No|Off,492.4669327251995,300.5173033067275,506.01311288483464,314.0634834663626,0.9407069555302167,25.989167616875704,0.0
16,235,Q3_2_41,Btn,Q3_2_41,461.875,217.889,476.275,232.289,Yes,Off|Yes,460.47819270239455,204.96969783352338,474.0243728620296,218.51587799315848,0.9407069555302167,25.989167616875704,0.0
16,236,Q3_2_41_complete,Btn,,532.801,219.045,547.201,233.445,Yes,Off|Yes,527.1987742303306,206.0571550741163,540.7449543899659,219.6033352337514,0.9407069555302167,25.989167616875704,0.0
16,237,Q3_2_41,Btn,Q3_2_41,497.874,218.343,512.274,232.743,No,No|Off,494.34270239452684,205.3967787913341,507.8888825541619,218.9429589509692,0.9407069555302167,25.989167616875704,0.0
16,238,Q3_2_42,Btn,Q3_2_42,461.875,162.564,476.275,176.964,Yes,Off|Yes,460.47819270239455,152.92508551881414,474.0243728620296,166.47126567844927,0.9407069555302167,25.989167616875704,0.0
16,239,Q3_2_42_complete,Btn,,532.653,163.449,547.053,177.849,Yes,Off|Yes,527.0595496009122,153.7576111744584,540.6057297605473,167.3037913340935,0.9407069555302167,25.989167616875704,0.0
16,240,Q3_2_42,Btn,Q3_2_42,497.874,163.018,512.274,177.418,No,No|Off,494.34270239452684,153.35216647662486,507.8888825541619,166.89834663626,0.9407069555302167,25.989167616875704,0.0
16,241,Q3_2_43,Btn,Q3_2_43,461.365,113.049,475.765,127.449,Yes,Off|Yes,459.9984321550741,106.34598061573547,473.54461231470924,119.89216077537058,0.9407069555302167,25.989167616875704,0.0
16,242,Q3_2_43_complete,Btn,,533.381,113.412,547.781,127.812,Yes,Off|Yes,527.7443842645382,106.68745724059293,541.2905644241732,120.23363740022805,0.9407069555302167,25.989167616875704,0.0
16,243,Q3_2_43,Btn,Q3_2_43,497.364,113.503,511.764,127.903,No,No|Off,493.86294184720634,106.77306157354619,507.4091220068415,120.3192417331813,0.9407069555302167,25.989167616875704,0.0
17,244,Q3_2_44,Btn,Q3_2_44,459.938,726.638,474.338,741.038,Yes,Off|Yes,458.6560433295325,683.5534207525656,472.20222348916764,697.0996009122007,0.9407069555302167,25.989167616875704,0.0
17,245,Q3_2_44,Btn,Q3_2_44,495.937,727.092,510.337,741.492,No,No|Off,492.5205530216648,683.9805017103763,506.06673318129987,697.5266818700114,0.9407069555302167,25.989167616875704,0.0
17,246,Q3_2_44_complete,Btn,,533.235,727.431,547.635,741.831,Yes,Off|Yes,527.6070410490308,684.2994013683011,541.1532212086659,697.8455815279361,0.9407069555302167,25.989167616875704,0.0
17,247,Q3_2_45a,Btn,Q3_2_45a,461.938,646.893,476.338,661.293,Yes,Off|Yes,460.5374572405929,608.5367445838085,474.08363740022804,622.0829247434435,0.9407069555302167,25.989167616875704,0.0
17,248,Q3_2_45a_complete,Btn,,533.09,647.612,547.49,662.012,Yes,Off|Yes,527.470638540479,609.2131128848347,541.0168187001141,622.7592930444697,0.9407069555302167,25.989167616875704,0.0
17,249,Q3_2_45a,Btn,Q3_2_45a,497.937,647.347,512.337,661.747,No,No|Off,494.4019669327252,608.9638255416191,507.94814709236033,622.5100057012543,0.9407069555302167,25.989167616875704,0.0
17,250,Q3_2_45b,Tx,,39.4242,358.425,449.097,574.945,,,63.07578677309007,337.17289053591793,448.4578392246294,540.8547605473204,0.9407069555302167,25.989167616875704,0.0
17,251,Q3_2_46a,Btn,Q3_2_46a,462.433,338.285,476.833,352.685,Yes,Off|Yes,461.00310718358037,318.22705245153935,474.54928734321555,331.7732326111745,0.9407069555302167,25.989167616875704,0.0
17,252,Q3_2_46a_complete,Btn,,533.09,339.612,547.49,354.012,Yes,Off|Yes,527.470638540479,319.47537058152795,541.0168187001141,333.0215507411631,0.9407069555302167,25.989167616875704,0.0
17,253,Q3_2_46a,Btn,Q3_2_46a,498.432,338.739,512.832,353.139,No,No|Off,494.86761687571266,318.65413340935004,508.4137970353478,332.20031356898517,0.9407069555302167,25.989167616875704,0.0
17,254,Q3_2_46b,Tx,,39.6372,122.15,448.765,311.768,,,63.27615735461801,114.90735461801597,448.1455245153934,293.28232611174457,0.9407069555302167,25.989167616875704,0.0
17,255,Q3_2_47a,Btn,Q3_2_47a,463.484,98.827,477.884,113.227,Yes,Off|Yes,461.99179019384263,92.96724629418472,475.53797035347776,106.51342645381985,0.9407069555302167,25.989167616875704,0.0
17,256,Q3_2_47a_complete,Btn,,533.09,99.612,547.49,114.012,Yes,Off|Yes,527.470638540479,93.70570125427594,541.0168187001141,107.25188141391106,0.9407069555302167,25.989167616875704,0.0
17,257,Q3_2_47a,Btn,Q3_2_47a,499.483,99.281,513.883,113.681,No,No|Off,495.8562998859749,93.39432725199545,509.40248004561005,106.94050741163056,0.9407069555302167,25.989167616875704,0.0
18,258,Q3_2_47b,Btn,Q3_2_47b,412.247,733.738,426.646,748.138,N/A,N/A|Off,413.79278791334093,690.2324401368302,427.3380273660205,703.7786202964653,0.9407069555302167,25.989167616875704,0.0
18,259,Q3_2_47b,Btn,Q3_2_47b,462.62,734.489,477.02,748.889,Yes,Off|Yes,461.17901938426456,690.9389110604334,474.72519954389963,704.4850912200684,0.9407069555302167,25.989167616875704,0.0
18,260,Q3_2_47b,Btn,Q3_2_47b,498.619,734.943,513.019,749.343,No,No|Off,495.04352907639685,691.365992018244,508.5897092360319,704.9121721778791,0.9407069555302167,25.989167616875704,0.0
18,261,Q3_2_comments,Tx,,59.2032,515.447,535.723,692.48,,,81.68202964652224,484.8845781071836,529.9475199543899,651.4207525655645,0.9407069555302167,25.989167616875704,0.0
18,262,Q3_2_result,Btn,Q3_2_result,94.413,492.332,108.813,506.732,Pass,Off|Pass,114.80413340935004,463.1401368301026,128.35031356898517,476.68631698973775,0.9407069555302167,25.989167616875704,0.0
18,263,Q3_2_rem_complete,Tx,,378.832,475.677,528.832,489.168,,,382.35906499429876,447.47266248574687,523.4651083238313,460.16374002280503,0.9407069555302167,25.989167616875704,0.0
18,264,Q3_2_result,Btn,Q3_2_result,185.05,480.368,199.45,494.768,No pass,No pass|Off,200.06698973774232,451.8855188141391,213.61316989737742,465.4316989737742,0.9407069555302167,25.989167616875704,0.0
18,265,Q3_3_48a,Btn,Q3_3_48a,461.62,308.621,476.02,323.021,Yes,Off|Yes,460.23831242873433,290.32192132269097,473.7844925883694,303.86810148232615,0.9407069555302167,25.989167616875704,0.0
18,266,Q3_3_48a,Btn,Q3_3_48a,497.619,309.075,512.019,323.475,No,No|Off,494.1028221208666,290.7490022805017,507.6490022805017,304.29518244013684,0.9407069555302167,25.989167616875704,0.0
18,267,Q3_3_48a_complete,Btn,,532.654,309.74,547.054,324.14,Yes,Off|Yes,527.0604903078677,291.3745724059293,540.6066704675029,304.92075256556444,0.9407069555302167,25.989167616875704,0.0
18,268,Q3_3_48b,Btn,Q3_3_48b,462.102,271.955,476.502,286.355,Yes,Off|Yes,460.69173318129987,255.82996009122004,474.237913340935,269.3761402508552,0.9407069555302167,25.989167616875704,0.0
18,269,Q3_3_48b_complete,Btn,,532.654,272.74,547.054,287.14,Yes,Off|Yes,527.0604903078677,256.5684150513113,540.6066704675029,270.1145952109464,0.9407069555302167,25.989167616875704,0.0
18,270,Q3_3_48b,Btn,Q3_3_48b,498.101,272.409,512.501,286.809,No,No|Off,494.55624287343215,256.25704104903076,508.1024230330672,269.80322120866595,0.9407069555302167,25.989167616875704,0.0
18,271,Q3_3_48c,Btn,Q3_3_48c,462.102,222.116,476.502,236.516,Yes,Off|Yes,460.69173318129987,208.94606613454962,474.237913340935,222.49224629418472,0.9407069555302167,25.989167616875704,0.0
18,272,Q3_3_48c_complete,Btn,,533.136,223.074,547.536,237.474,Yes,Off|Yes,527.5139110604332,209.84726339794756,541.0600912200684,223.39344355758266,0.9407069555302167,25.989167616875704,0.0
18,273,Q3_3_48c,Btn,Q3_3_48c,498.101,222.57,512.501,236.97,No,No|Off,494.55624287343215,209.3731470923603,508.1024230330672,222.91932725199544,0.9407069555302167,25.989167616875704,0.0
18,274,Q3_3_48d,Btn,Q3_3_48d,462.102,166.116,476.502,180.516,Yes,Off|Yes,460.69173318129987,156.2664766248575,474.237913340935,169.8126567844926,0.9407069555302167,25.989167616875704,0.0
18,275,Q3_3_48d_complete,Btn,,533.136,167.074,547.536,181.474,Yes,Off|Yes,527.5139110604332,157.16767388825542,541.0600912200684,170.71385404789052,0.9407069555302167,25.989167616875704,0.0
18,276,Q3_3_48d,Btn,Q3_3_48d,498.101,166.57,512.501,180.97,No,No|Off,494.55624287343215,156.69355758266818,508.1024230330672,170.2397377423033,0.9407069555302167,25.989167616875704,0.0
19,277,Q3_3_48e,Tx,,39.6082,649.167,449.106,758.233,,,63.24887685290763,610.6759122006841,448.46630558722916,713.2750570125427,0.9407069555302167,25.989167616875704,0.0
19,278,Q3_3_49a,Btn,Q3_3_49a,462.461,617.315,476.861,631.715,Yes,Off|Yes,461.0294469783352,580.7125142531357,474.57562713797034,594.2586944127709,0.9407069555302167,25.989167616875704,0.0
19,279,Q3_3_49a_complete,Btn,,532.654,617.74,547.054,632.14,Yes,Off|Yes,527.0604903078677,581.1123147092361,540.6066704675029,594.6584948688711,0.9407069555302167,25.989167616875704,0.0
19,280,Q3_3_49a,Btn,Q3_3_49a,498.46,617.769,512.86,632.169,No,No|Off,494.8939566704675,581.1395952109464,508.44013683010263,594.6857753705815,0.9407069555302167,25.989167616875704,0.0
19,281,Q3_3_49b,Tx,,38.9469,301.454,448.47,491.673,,,62.6267873432155,283.5798745724059,447.868015963512,462.5202109464082,0.9407069555302167,25.989167616875704,0.0
19,282,Q3_3_comments,Tx,,59.5593,87.6912,536.08,264.07,,,82.01701539338654,82.49172177879133,530.2833523375143,248.41248574686432,0.9407069555302167,25.989167616875704,0.0
20,283,Q3_3_result,Btn,Q3_3_result,92.0872,734.407,106.487,748.807,Pass,Off|Pass,112.61623717217786,690.8617730900799,126.16222919042188,704.407953249715,0.9407069555302167,25.989167616875704,0.0
20,284,Q3_3_rem_complete,Tx,,377.506,717.406,527.506,730.897,,,381.11168757126563,674.8688141391106,522.2177309007982,687.5598916761688,0.9407069555302167,25.989167616875704,0.0
20,285,Q3_3_result,Btn,Q3_3_result,183.724,722.097,198.124,736.497,No pass,No pass|Off,198.81961231470922,679.2816704675029,212.36579247434435,692.827850627138,0.9407069555302167,25.989167616875704,0.0
20,286,Q3_4_50a,Btn,Q3_4_50a,460.62,549.782,475.02,564.182,Yes,Off|Yes,459.2976054732041,517.1837514253136,472.84378563283923,530.7299315849488,0.9407069555302167,25.989167616875704,0.0
20,287,Q3_4_50a,Btn,Q3_4_50a,496.619,550.236,511.019,564.636,No,No|Off,493.1621151653364,517.6108323831243,506.7082953249715,531.1570125427594,0.9407069555302167,25.989167616875704,0.0
20,288,Q3_4_50a_complete,Btn,,532.654,550.74,547.054,565.14,Yes,Off|Yes,527.0604903078677,518.0849486887115,540.6066704675029,531.6311288483466,0.9407069555302167,25.989167616875704,0.0
20,289,Q3_4_50b,Btn,Q3_4_50b,460.602,509.284,475.002,523.684,Yes,Off|Yes,459.2806727480045,479.08700114025083,472.8268529076397,492.63318129988596,0.9407069555302167,25.989167616875704,0.0
20,290,Q3_4_50b_complete,Btn,,532.654,509.74,547.054,524.14,Yes,Off|Yes,527.0604903078677,479.51596351197264,540.6066704675029,493.06214367160777,0.9407069555302167,25.989167616875704,0.0
20,291,Q3_4_50b,Btn,Q3_4_50b,496.601,509.738,511.001,524.138,No,No|Off,493.1451824401368,479.5140820980616,506.69136259977194,493.0602622576967,0.9407069555302167,25.989167616875704,0.0
20,292,Q3_4_51,Btn,Q3_4_51,460.62,451.782,475.02,466.182,Yes,Off|Yes,459.2976054732041,424.9944697833523,472.84378563283923,438.5406499429875,0.9407069555302167,25.989167616875704,0.0
20,293,Q3_4_51,Btn,Q3_4_51,496.619,452.236,511.019,466.636,No,No|Off,493.1621151653364,425.42155074116306,506.7082953249715,438.9677309007982,0.9407069555302167,25.989167616875704,0.0
20,294,Q3_4_51_complete,Btn,,532.654,452.74,547.054,467.14,Yes,Off|Yes,527.0604903078677,425.8956670467503,540.6066704675029,439.4418472063854,0.9407069555302167,25.989167616875704,0.0
20,295,Q3_4_comments,Tx,,59.4,225.329,535.92,403.017,,,81.86716077537056,211.9685575826682,530.1328392246294,379.12089509692134,0.9407069555302167,25.989167616875704,0.0
20,296,Q3_4_result,Btn,Q3_4_result,93.6098,202.982,108.01,217.382,Pass,Off|Pass,114.04855758266818,190.94657924743444,127.59492588369442,204.49275940706957,0.9407069555302167,25.989167616875704,0.0
20,297,Q3_4_result,Btn,Q3_4_result,185.247,190.672,199.647,205.072,No pass,No pass|Off,200.25230900798175,179.36647662485746,213.79848916761685,192.91265678449258,0.9407069555302167,25.989167616875704,0.0
20,298,Q3_4_rem_complete,Tx,,377.381,185.431,527.381,198.922,,,380.9940992018244,174.43623147092362,522.1001425313568,187.12730900798175,0.9407069555302167,25.989167616875704,0.0
21,299,Q3_5_52,Btn,Q3_5_52,461.62,632.127,476.02,646.527,Yes,Off|Yes,460.23831242873433,594.6462656784493,473.7844925883694,608.1924458380844,0.9407069555302167,25.989167616875704,0.0
21,300,Q3_5_52_complete,Btn,,532.654,632.74,547.054,647.14,Yes,Off|Yes,527.0604903078677,595.2229190421893,540.6066704675029,608.7690992018244,0.9407069555302167,25.989167616875704,0.0
21,301,Q3_5_52,Btn,Q3_5_52,497.619,632.581,512.019,646.981,No,No|Off,494.1028221208666,595.07334663626,507.6490022805017,608.6195267958951,0.9407069555302167,25.989167616875704,0.0
21,302,Q3_5_53,Btn,Q3_5_53,460.62,546.891,475.02,561.291,Yes,Off|Yes,459.2976054732041,514.4641676168757,472.84378563283923,528.0103477765109,0.9407069555302167,25.989167616875704,0.0
21,303,Q3_5_53,Btn,Q3_5_53,496.619,547.345,511.019,561.745,No,No|Off,493.1621151653364,514.8912485746864,506.7082953249715,528.4374287343215,0.9407069555302167,25.989167616875704,0.0
21,304,Q3_5_53_complete,Btn,,532.654,547.74,547.054,562.14,Yes,Off|Yes,527.0604903078677,515.2628278221209,540.6066704675029,528.8090079817559,0.9407069555302167,25.989167616875704,0.0
21,305,Q3_5_comments,Tx,,58.3489,319.446,534.869,460.359,,,80.87838369441276,300.5050741163056,529.1441562143672,433.062913340935,0.9407069555302167,25.989167616875704,0.0
21,306,Q3_5_result,Btn,Q3_5_result,92.5587,297.077,106.959,311.477,Pass,Off|Pass,113.05978050171036,279.46240022805017,126.60624287343215,293.0085803876853,0.9407069555302167,25.989167616875704,0.0
21,307,Q3_5_result,Btn,Q3_5_result,184.696,285.505,199.096,299.905,No pass,No pass|Off,199.7339794754846,268.5765393386545,213.28015963511973,282.1227194982896,0.9407069555302167,25.989167616875704,0.0
21,308,Q3_5_rem_complete,Tx,,377.478,279.814,527.478,293.305,,,381.08534777651084,263.22297605473204,522.1913911060433,275.9140535917902,0.9407069555302167,25.989167616875704,0.0
22,309,audit_results,Ch,,142.86,705.52,536.243,725.52,,,160.37856328392246,663.6875712656785,530.4366875712658,682.5017103762827,0.9407069555302167,25.989167616875704,0.0
22,310,audit_pass_date,Tx,,153.296,684.396,536.934,703.549,,,170.1957810718358,643.8160775370582,531.086716077537,661.8334378563284,0.9407069555302167,25.989167616875704,0.0
22,311,Auditor_sig_date,Sig,,125.408,548.299,549.164,606.277,,,143.96134549600913,515.7886830102623,542.5915621436716,570.3289908779932,0.9407069555302167,25.989167616875704,0.0
22,312,Audit_reviewer_sig_date,Sig,,125.552,444.086,548.537,504.553,,,144.09680729760547,417.7547890535918,542.0017388825543,474.6365165336374,0.9407069555302167,25.989167616875704,0.0
22,313,BCAP_approved,Btn,,60.873,408.936,78.873,426.936,Yes,Off|Yes,83.25282212086658,384.6889395667047,100.18554732041049,401.62166476624856,0.9407069555302167,25.989167616875704,0.0
22,314,Producer_name,Tx,,103.252,296.657,543.652,317.574,,,123.11904218928163,279.06730330672747,537.406385404789,298.74407069555303,0.9407069555302167,25.989167616875704,0.0
22,315,Producer_title,Tx,,95.2122,260.015,543.045,281.457,,,115.55594640820979,244.59791904218926,536.8353762827821,264.76855758266817,0.9407069555302167,25.989167616875704,0.0
22,316,Producer_date,Tx,,100.575,224.587,543.591,243.741,,,120.60076966932725,211.27055302166477,537.3490022805017,229.28885404789054,0.9407069555302167,25.989167616875704,0.0
